Burnup,k-eff,Enrichment,Gd,GD_Contents,CBC,EOC BU
0.0,1.10396,1.5,0,4,941.7007863,4.88
0.5,1.09378,1.5,0,4,857.3936258,4.88
1.0,1.09220,1.5,0,4,844.1677348,4.88
1.5,1.08907,1.5,0,4,817.8537651,4.88
2.0,1.08473,1.5,0,4,781.1160381,4.88
2.5,1.07961,1.5,0,4,737.3959115,4.88
3.0,1.07401,1.5,0,4,689.0997291,4.88
3.5,1.06815,1.5,0,4,638.0190048,4.88
4.0,1.06215,1.5,0,4,585.1339265,4.88
4.5,1.05609,1.5,0,4,531.110038,4.88
5.0,1.05005,1.5,0,4,476.6439693,4.88
5.5,1.04407,1.5,0,4,422.0981352,4.88
6.0,1.03815,1.5,0,4,367.4806146,4.88
6.5,1.03233,1.5,0,4,313.1750506,4.88
7.0,1.02661,1.5,0,4,259.2026183,4.88
7.5,1.02099,1.5,0,4,205.5847756,4.88
8.0,1.01547,1.5,0,4,152.3432499,4.88
8.5,1.01006,1.5,0,4,99.59804368,4.88
9.0,1.00475,1.5,0,4,47.27544165,4.88
9.5,0.99954,1.5,0,4,-4.602116974,4.88
10.0,0.99443,1.5,0,4,-56.01198677,4.88
10.5,0.98942,1.5,0,4,-106.9313335,4.88
11.0,0.98450,1.5,0,4,-157.440325,4.88
11.5,0.97967,1.5,0,4,-207.5188584,4.88
12.0,0.97492,1.5,0,4,-257.2518771,4.88
12.5,0.97026,1.5,0,4,-306.5157793,4.88
13.0,0.96568,1.5,0,4,-355.397233,4.88
13.5,0.96118,1.5,0,4,-403.8785659,4.88
14.0,0.95676,1.5,0,4,-451.9419708,4.88
14.5,0.95241,1.5,0,4,-499.6797598,4.88
15.0,0.94814,1.5,0,4,-546.965638,4.88
17.5,0.92841,1.5,0,4,-771.1032841,4.88
20.0,0.90994,1.5,0,4,-989.735587,4.88
22.5,0.89308,1.5,0,4,-1197.205178,4.88
25.0,0.87777,1.5,0,4,-1392.50601,4.88
27.5,0.86395,1.5,0,4,-1574.743909,4.88
30.0,0.85154,1.5,0,4,-1743.429551,4.88
32.5,0.84042,1.5,0,4,-1898.812499,4.88
35.0,0.83048,1.5,0,4,-2041.229169,4.88
37.5,0.82161,1.5,0,4,-2171.22479,4.88
40.0,0.81369,1.5,0,4,-2289.692635,4.88
42.5,0.80660,1.5,0,4,-2397.71882,4.88
45.0,0.80024,1.5,0,4,-2496.251125,4.88
47.5,0.79451,1.5,0,4,-2586.373992,4.88
50.0,0.78933,1.5,0,4,-2668.97242,4.88
52.5,0.78462,1.5,0,4,-2745.023068,4.88
55.0,0.78031,1.5,0,4,-2815.419513,4.88
57.5,0.77634,1.5,0,4,-2880.954221,4.88
60.0,0.77268,1.5,0,4,-2941.968215,4.88
0.0,1.02853,1.5,4,4,277.3861725,4.922
0.5,1.02555,1.5,4,4,249.1346107,4.922
1.0,1.03222,1.5,4,4,312.1427603,4.922
1.5,1.03850,1.5,4,4,370.7270101,4.922
2.0,1.04508,1.5,4,4,431.3545375,4.922
2.5,1.05261,1.5,4,4,499.805246,4.922
3.0,1.06084,1.5,4,4,573.5077863,4.922
3.5,1.06530,1.5,4,4,612.9728715,4.922
4.0,1.06223,1.5,4,4,585.8429907,4.922
4.5,1.05645,1.5,4,4,534.3366936,4.922
5.0,1.05059,1.5,4,4,481.5389448,4.922
5.5,1.04477,1.5,4,4,428.515367,4.922
6.0,1.03890,1.5,4,4,374.434498,4.922
6.5,1.03308,1.5,4,4,320.2075348,4.922
7.0,1.02734,1.5,4,4,266.1241653,4.922
7.5,1.02171,1.5,4,4,212.4869092,4.922
8.0,1.01617,1.5,4,4,159.1269177,4.922
8.5,1.01075,1.5,4,4,106.3566658,4.922
9.0,1.00543,1.5,4,4,54.00674338,4.922
9.5,1.00021,1.5,4,4,2.099559093,4.922
10.0,0.99508,1.5,4,4,-49.44326084,4.922
10.5,0.99005,1.5,4,4,-100.4999747,4.922
11.0,0.98512,1.5,4,4,-151.0475881,4.922
11.5,0.98027,1.5,4,4,-201.2710784,4.922
12.0,0.97551,1.5,4,4,-251.0481697,4.922
12.5,0.97084,1.5,4,4,-300.3584525,4.922
13.0,0.96624,1.5,4,4,-349.3955953,4.922
13.5,0.96172,1.5,4,4,-398.0368506,4.922
14.0,0.95729,1.5,4,4,-446.1552925,4.922
14.5,0.95292,1.5,4,4,-494.0603618,4.922
15.0,0.94863,1.5,4,4,-541.5177677,4.922
17.5,0.92881,1.5,4,4,-766.464616,4.922
20.0,0.91024,1.5,4,4,-986.1135525,4.922
22.5,0.89327,1.5,4,4,-1194.823514,4.922
25.0,0.87784,1.5,4,4,-1391.597558,4.922
27.5,0.86391,1.5,4,4,-1575.279832,4.922
30.0,0.85138,1.5,4,4,-1745.636496,4.922
32.5,0.84016,1.5,4,4,-1902.494763,4.922
35.0,0.83012,1.5,4,4,-2046.451116,4.922
37.5,0.82116,1.5,4,4,-2177.894686,4.922
40.0,0.81316,1.5,4,4,-2297.702789,4.922
42.5,0.80600,1.5,4,4,-2406.947891,4.922
45.0,0.79959,1.5,4,4,-2506.409535,4.922
47.5,0.79381,1.5,4,4,-2597.472947,4.922
50.0,0.78858,1.5,4,4,-2681.021583,4.922
52.5,0.78384,1.5,4,4,-2757.705654,4.922
55.0,0.77950,1.5,4,4,-2828.736369,4.922
57.5,0.77551,1.5,4,4,-2894.740235,4.922
60.0,0.77183,1.5,4,4,-2956.220929,4.922
0.0,0.96835,1.5,8,4,-326.8446326,4.9071
0.5,0.96972,1.5,8,4,-312.2550839,4.9071
1.0,0.98135,1.5,8,4,-190.0443267,4.9071
1.5,0.99348,1.5,8,4,-65.62789387,4.9071
2.0,1.00720,1.5,8,4,71.4853058,4.9071
2.5,1.02384,1.5,8,4,232.8488826,4.9071
3.0,1.04412,1.5,8,4,422.5567942,4.9071
3.5,1.06078,1.5,8,4,572.9746036,4.9071
4.0,1.06246,1.5,8,4,587.8809555,4.9071
4.5,1.05693,1.5,8,4,538.635482,4.9071
5.0,1.05116,1.5,8,4,486.7004072,4.9071
5.5,1.04548,1.5,8,4,435.0154953,4.9071
6.0,1.03968,1.5,8,4,381.6558941,4.9071
6.5,1.03385,1.5,8,4,327.4169367,4.9071
7.0,1.02809,1.5,8,4,273.2251068,4.9071
7.5,1.02243,1.5,8,4,219.3793218,4.9071
8.0,1.01688,1.5,8,4,165.9979545,4.9071
8.5,1.01144,1.5,8,4,113.1060666,4.9071
9.0,1.00610,1.5,8,4,60.63015605,4.9071
9.5,1.00087,1.5,8,4,8.692437579,4.9071
10.0,0.99573,1.5,8,4,-42.88311088,4.9071
10.5,0.99068,1.5,8,4,-94.07679574,4.9071
11.0,0.98573,1.5,8,4,-144.7658081,4.9071
11.5,0.98086,1.5,8,4,-195.1348816,4.9071
12.0,0.97609,1.5,8,4,-244.95692,4.9071
12.5,0.97139,1.5,8,4,-294.5264003,4.9071
13.0,0.96678,1.5,8,4,-343.6148865,4.9071
13.5,0.96224,1.5,8,4,-392.4176921,4.9071
14.0,0.95778,1.5,8,4,-440.8110422,4.9071
14.5,0.95340,1.5,8,4,-488.7770086,4.9071
15.0,0.94909,1.5,8,4,-536.4085598,4.9071
17.5,0.92916,1.5,8,4,-762.4090576,4.9071
20.0,0.91049,1.5,8,4,-983.0970137,4.9071
22.5,0.89340,1.5,8,4,-1193.194538,4.9071
25.0,0.87786,1.5,8,4,-1391.338027,4.9071
27.5,0.86380,1.5,8,4,-1576.753878,4.9071
30.0,0.85116,1.5,8,4,-1748.6724,4.9071
32.5,0.83983,1.5,8,4,-1907.17169,4.9071
35.0,0.82970,1.5,8,4,-2052.549114,4.9071
37.5,0.82065,1.5,8,4,-2185.462743,4.9071
40.0,0.81257,1.5,8,4,-2306.632044,4.9071
42.5,0.80535,1.5,8,4,-2416.96157,4.9071
45.0,0.79887,1.5,8,4,-2517.681225,4.9071
47.5,0.79304,1.5,8,4,-2609.704429,4.9071
50.0,0.78778,1.5,8,4,-2693.899312,4.9071
52.5,0.78300,1.5,8,4,-2771.392082,4.9071
55.0,0.77863,1.5,8,4,-2843.070521,4.9071
57.5,0.77462,1.5,8,4,-2909.555653,4.9071
60.0,0.77092,1.5,8,4,-2971.514554,4.9071
0.0,0.89732,1.5,12,4,-1144.296349,5.005
0.5,0.90714,1.5,12,4,-1023.656767,5.005
1.0,0.92860,1.5,12,4,-768.8994185,5.005
1.5,0.95180,1.5,12,4,-506.4089094,5.005
2.0,0.97781,1.5,12,4,-226.9357033,5.005
2.5,1.00775,1.5,12,4,76.90399405,5.005
3.0,1.03937,1.5,12,4,378.7871499,5.005
3.5,1.05985,1.5,12,4,564.7025522,5.005
4.0,1.06184,1.5,12,4,582.3852935,5.005
4.5,1.05693,1.5,12,4,538.635482,5.005
5.0,1.05155,1.5,12,4,490.22871,5.005
5.5,1.04605,1.5,12,4,440.2275226,5.005
6.0,1.04029,1.5,12,4,387.2958502,5.005
6.5,1.03448,1.5,12,4,333.3075555,5.005
7.0,1.02872,1.5,12,4,279.1818959,5.005
7.5,1.02305,1.5,12,4,225.306681,5.005
8.0,1.01750,1.5,12,4,171.990172,5.005
8.5,1.01205,1.5,12,4,119.0652636,5.005
9.0,1.00670,1.5,12,4,66.55408761,5.005
9.5,1.00145,1.5,12,4,14.47900544,5.005
10.0,0.99631,1.5,12,4,-37.03666529,5.005
10.5,0.99125,1.5,12,4,-88.27238335,5.005
11.0,0.98629,1.5,12,4,-139.0057691,5.005
11.5,0.98142,1.5,12,4,-189.3175195,5.005
12.0,0.97664,1.5,12,4,-239.1874181,5.005
12.5,0.97193,1.5,12,4,-288.8068071,5.005
13.0,0.96731,1.5,12,4,-337.9475039,5.005
13.5,0.96276,1.5,12,4,-386.8046034,5.005
14.0,0.95830,1.5,12,4,-435.1455703,5.005
14.5,0.95390,1.5,12,4,-483.2791697,5.005
15.0,0.94959,1.5,12,4,-530.8606872,5.005
17.5,0.92959,1.5,12,4,-757.4306953,5.005
20.0,0.91083,1.5,12,4,-978.9971784,5.005
22.5,0.89367,1.5,12,4,-1189.812794,5.005
25.0,0.87804,1.5,12,4,-1389.002779,5.005
27.5,0.86389,1.5,12,4,-1575.547813,5.005
30.0,0.85114,1.5,12,4,-1748.948469,5.005
32.5,0.83972,1.5,12,4,-1908.731482,5.005
35.0,0.82949,1.5,12,4,-2055.600429,5.005
37.5,0.82036,1.5,12,4,-2189.770345,5.005
40.0,0.81220,1.5,12,4,-2312.238365,5.005
42.5,0.80490,1.5,12,4,-2423.903591,5.005
45.0,0.79836,1.5,12,4,-2525.677639,5.005
47.5,0.79248,1.5,12,4,-2618.614981,5.005
50.0,0.78717,1.5,12,4,-2703.736169,5.005
52.5,0.78235,1.5,12,4,-2782.00294,5.005
55.0,0.77795,1.5,12,4,-2854.296549,5.005
57.5,0.77391,1.5,12,4,-2921.399129,5.005
60.0,0.77019,1.5,12,4,-2983.80919,5.005
0.0,0.84122,1.5,16,4,-1887.496731,5.042
0.5,0.85627,1.5,16,4,-1678.559333,5.042
1.0,0.88394,1.5,16,4,-1312.985044,5.042
1.5,0.91426,1.5,16,4,-937.8076258,5.042
2.0,0.94855,1.5,16,4,-542.4068315,5.042
2.5,0.98803,1.5,16,4,-121.1501675,5.042
3.0,1.02984,1.5,16,4,289.7537482,5.042
3.5,1.05731,1.5,16,4,542.0359213,5.042
4.0,1.06148,1.5,16,4,579.1913178,5.042
4.5,1.05704,1.5,16,4,539.6200711,5.042
5.0,1.05195,1.5,16,4,493.8447645,5.042
5.5,1.04663,1.5,16,4,445.5251617,5.042
6.0,1.04094,1.5,16,4,393.2983649,5.042
6.5,1.03514,1.5,16,4,339.4709894,5.042
7.0,1.02937,1.5,16,4,285.3201473,5.042
7.5,1.02370,1.5,16,4,231.5131386,5.042
8.0,1.01813,1.5,16,4,178.0715626,5.042
8.5,1.01267,1.5,16,4,125.1147955,5.042
9.0,1.00731,1.5,16,4,72.56951683,5.042
9.5,1.00206,1.5,16,4,20.55765124,5.042
10.0,0.99691,1.5,16,4,-30.99577695,5.042
10.5,0.99184,1.5,16,4,-82.27133409,5.042
11.0,0.98687,1.5,16,4,-133.0469059,5.042
11.5,0.98199,1.5,16,4,-183.4030896,5.042
12.0,0.97719,1.5,16,4,-233.4244108,5.042
12.5,0.97248,1.5,16,4,-282.9878249,5.042
13.0,0.96785,1.5,16,4,-332.1795733,5.042
13.5,0.96329,1.5,16,4,-381.0898068,5.042
14.0,0.95881,1.5,16,4,-429.5950188,5.042
14.5,0.95440,1.5,16,4,-477.7870914,5.042
15.0,0.95007,1.5,16,4,-525.5402234,5.042
17.5,0.93001,1.5,16,4,-752.572553,5.042
20.0,0.91117,1.5,16,4,-974.9004028,5.042
22.5,0.89389,1.5,16,4,-1187.05881,5.042
25.0,0.87818,1.5,16,4,-1387.187137,5.042
27.5,0.86392,1.5,16,4,-1575.145847,5.042
30.0,0.85106,1.5,16,4,-1750.052875,5.042
32.5,0.83954,1.5,16,4,-1911.284751,5.042
35.0,0.82921,1.5,16,4,-2059.671253,5.042
37.5,0.81999,1.5,16,4,-2195.270674,5.042
40.0,0.81175,1.5,16,4,-2319.063751,5.042
42.5,0.80438,1.5,16,4,-2431.935155,5.042
45.0,0.79778,1.5,16,4,-2534.784026,5.042
47.5,0.79185,1.5,16,4,-2628.654417,5.042
50.0,0.78649,1.5,16,4,-2714.719831,5.042
52.5,0.78164,1.5,16,4,-2793.613428,5.042
55.0,0.77720,1.5,16,4,-2866.700978,5.042
57.5,0.77314,1.5,16,4,-2934.26805,5.042
60.0,0.76940,1.5,16,4,-2997.140629,5.042
0.0,0.78903,1.5,20,4,-2673.789336,5.091
0.5,0.80930,1.5,20,4,-2356.357346,5.091
1.0,0.84292,1.5,20,4,-1863.522042,5.091
1.5,0.88007,1.5,20,4,-1362.73251,5.091
2.0,0.92248,1.5,20,4,-840.3434221,5.091
2.5,0.97166,1.5,20,4,-291.665809,5.091
3.0,1.02323,1.5,20,4,227.0261818,5.091
3.5,1.05619,1.5,20,4,532.0065519,5.091
4.0,1.06142,1.5,20,4,578.6587779,5.091
4.5,1.05731,1.5,20,4,542.0359213,5.091
5.0,1.05244,1.5,20,4,498.2706853,5.091
5.5,1.04727,1.5,20,4,451.3640226,5.091
6.0,1.04161,1.5,20,4,399.4777316,5.091
6.5,1.03581,1.5,20,4,345.7197749,5.091
7.0,1.03004,1.5,20,4,291.6391596,5.091
7.5,1.02435,1.5,20,4,237.7117196,5.091
8.0,1.01877,1.5,20,4,184.2417818,5.091
8.5,1.01330,1.5,20,4,131.2543176,5.091
9.0,1.00792,1.5,20,4,78.57766489,5.091
9.5,1.00267,1.5,20,4,26.62890083,5.091
10.0,0.99751,1.5,20,4,-24.96215577,5.091
10.5,0.99243,1.5,20,4,-76.27742007,5.091
11.0,0.98745,1.5,20,4,-127.0950428,5.091
11.5,0.98255,1.5,20,4,-177.5991044,5.091
12.0,0.97775,1.5,20,4,-227.563283,5.091
12.5,0.97302,1.5,20,4,-277.2810425,5.091
13.0,0.96837,1.5,20,4,-326.6313496,5.091
13.5,0.96380,1.5,20,4,-375.5965968,5.091
14.0,0.95931,1.5,20,4,-424.159031,5.091
14.5,0.95489,1.5,20,4,-472.4104347,5.091
15.0,0.95054,1.5,20,4,-520.3358091,5.091
17.5,0.93040,1.5,20,4,-748.0653482,5.091
20.0,0.91146,1.5,20,4,-971.4085094,5.091
22.5,0.89412,1.5,20,4,-1184.181094,5.091
25.0,0.87826,1.5,20,4,-1386.149887,5.091
27.5,0.86392,1.5,20,4,-1575.145847,5.091
30.0,0.85095,1.5,20,4,-1751.571773,5.091
32.5,0.83932,1.5,20,4,-1914.406901,5.091
35.0,0.82890,1.5,20,4,-2064.181445,5.091
37.5,0.81959,1.5,20,4,-2201.222563,5.091
40.0,0.81127,1.5,20,4,-2326.352509,5.091
42.5,0.80383,1.5,20,4,-2440.441387,5.091
45.0,0.79717,1.5,20,4,-2544.375729,5.091
47.5,0.79119,1.5,20,4,-2639.18907,5.091
50.0,0.78578,1.5,20,4,-2726.208353,5.091
52.5,0.78090,1.5,20,4,-2805.73697,5.091
55.0,0.77643,1.5,20,4,-2879.461123,5.091
57.5,0.77234,1.5,20,4,-2947.665536,5.091
60.0,0.76857,1.5,20,4,-3011.176601,5.091
0.0,0.74038,1.5,24,4,-3506.577703,5.138
0.5,0.76554,1.5,24,4,-3062.674713,5.138
1.0,0.80507,1.5,24,4,-2421.280137,5.138
1.5,0.84905,1.5,24,4,-1777.869383,5.138
2.0,0.89943,1.5,24,4,-1118.152608,5.138
2.5,0.95792,1.5,24,4,-439.2851178,5.138
3.0,1.01821,1.5,24,4,178.8432642,5.138
3.5,1.05510,1.5,24,4,522.2253815,5.138
4.0,1.06117,1.5,24,4,576.4392133,5.138
4.5,1.05749,1.5,24,4,543.6458028,5.138
5.0,1.05289,1.5,24,4,502.3316776,5.138
5.5,1.04786,1.5,24,4,456.7404043,5.138
6.0,1.04224,1.5,24,4,405.2809334,5.138
6.5,1.03644,1.5,24,4,351.5881286,5.138
7.0,1.03066,1.5,24,4,297.4792851,5.138
7.5,1.02496,1.5,24,4,243.5216984,5.138
8.0,1.01937,1.5,24,4,190.0193257,5.138
8.5,1.01389,1.5,24,4,136.9971101,5.138
9.0,1.00850,1.5,24,4,84.28358949,5.138
9.5,1.00324,1.5,24,4,32.29536302,5.138
10.0,0.99807,1.5,24,4,-19.33732103,5.138
10.5,0.99299,1.5,24,4,-70.59487004,5.138
11.0,0.98800,1.5,24,4,-121.4574899,5.138
11.5,0.98309,1.5,24,4,-172.0086666,5.138
12.0,0.97827,1.5,24,4,-222.1268157,5.138
12.5,0.97354,1.5,24,4,-271.7916059,5.138
13.0,0.96888,1.5,24,4,-321.1956073,5.138
13.5,0.96430,1.5,24,4,-370.2167375,5.138
14.0,0.95979,1.5,24,4,-418.9458111,5.138
14.5,0.95536,1.5,24,4,-467.2584157,5.138
15.0,0.95100,1.5,24,4,-515.2471083,5.138
17.5,0.93079,1.5,24,4,-743.5619205,5.138
20.0,0.91177,1.5,24,4,-967.6782522,5.138
22.5,0.89434,1.5,24,4,-1181.429881,5.138
25.0,0.87839,1.5,24,4,-1384.464759,5.138
27.5,0.86394,1.5,24,4,-1574.877885,5.138
30.0,0.85087,1.5,24,4,-1752.676672,5.138
32.5,0.83914,1.5,24,4,-1916.962605,5.138
35.0,0.82863,1.5,24,4,-2068.112427,5.138
37.5,0.81923,1.5,24,4,-2206.584232,5.138
40.0,0.81083,1.5,24,4,-2333.041451,5.138
42.5,0.80333,1.5,24,4,-2448.184432,5.138
45.0,0.79660,1.5,24,4,-2553.351745,5.138
47.5,0.79056,1.5,24,4,-2649.261283,5.138
50.0,0.78511,1.5,24,4,-2737.068691,5.138
52.5,0.78019,1.5,24,4,-2817.390636,5.138
55.0,0.77569,1.5,24,4,-2891.747992,5.138
57.5,0.77157,1.5,24,4,-2960.586855,5.138
60.0,0.76778,1.5,24,4,-3024.564328,5.138
0.0,1.18696,2,0,4,1575.116263,10.66
0.5,1.17401,2,0,4,1482.18499,10.66
1.0,1.16937,2,0,4,1448.386738,10.66
1.5,1.16436,2,0,4,1411.590917,10.66
2.0,1.15871,2,0,4,1369.71287,10.66
2.5,1.15261,2,0,4,1324.038487,10.66
3.0,1.14622,2,0,4,1275.671337,10.66
3.5,1.13967,2,0,4,1225.530197,10.66
4.0,1.13304,2,0,4,1174.18626,10.66
4.5,1.12640,2,0,4,1122.159091,10.66
5.0,1.11979,2,0,4,1069.75415,10.66
5.5,1.11325,2,0,4,1017.291713,10.66
6.0,1.10678,2,0,4,964.7807152,10.66
6.5,1.10041,2,0,4,912.4780764,10.66
7.0,1.09415,2,0,4,860.4853082,10.66
7.5,1.08799,2,0,4,808.7390509,10.66
8.0,1.08193,2,0,4,757.2578633,10.66
8.5,1.07599,2,0,4,706.2333293,10.66
9.0,1.07016,2,0,4,655.6029005,10.66
9.5,1.06443,2,0,4,605.3004895,10.66
10.0,1.05879,2,0,4,555.256472,10.66
10.5,1.05325,2,0,4,505.5779729,10.66
11.0,1.04779,2,0,4,456.102845,10.66
11.5,1.04242,2,0,4,406.9377027,10.66
12.0,1.03713,2,0,4,358.0071929,10.66
12.5,1.03192,2,0,4,309.3263044,10.66
13.0,1.02678,2,0,4,260.8153645,10.66
13.5,1.02171,2,0,4,212.4869092,10.66
14.0,1.01672,2,0,4,164.4503895,10.66
14.5,1.01179,2,0,4,116.5261566,10.66
15.0,1.00693,2,0,4,68.82305622,10.66
17.5,0.98401,2,0,4,-162.4983486,10.66
20.0,0.96219,2,0,4,-392.9577318,10.66
22.5,0.94170,2,0,4,-619.0931294,10.66
25.0,0.92254,2,0,4,-839.6383897,10.66
27.5,0.90472,2,0,4,-1053.143514,10.66
30.0,0.88824,2,0,4,-1258.2185,10.66
32.5,0.87310,2,0,4,-1453.441759,10.66
35.0,0.85928,2,0,4,-1637.650126,10.66
37.5,0.84672,2,0,4,-1810.279667,10.66
40.0,0.83537,2,0,4,-1970.743503,10.66
42.5,0.82515,2,0,4,-2119.008665,10.66
45.0,0.81598,2,0,4,-2255.202333,10.66
47.5,0.80775,2,0,4,-2380.06809,10.66
50.0,0.80038,2,0,4,-2494.065319,10.66
52.5,0.79377,2,0,4,-2598.107764,10.66
55.0,0.78783,2,0,4,-2693.093688,10.66
57.5,0.78248,2,0,4,-2779.879358,10.66
60.0,0.77763,2,0,4,-2859.586179,10.66
0.0,1.11737,2,4,4,1050.413023,10.604
0.5,1.10955,2,4,4,987.3372088,10.604
1.0,1.11049,2,4,4,994.9661861,10.604
1.5,1.11165,2,4,4,1004.362884,10.604
2.0,1.11287,2,4,4,1014.224483,10.604
2.5,1.11442,2,4,4,1026.722421,10.604
3.0,1.11651,2,4,4,1043.519539,10.604
3.5,1.11919,2,4,4,1064.966628,10.604
4.0,1.12132,2,4,4,1081.939143,10.604
4.5,1.12088,2,4,4,1078.43837,10.604
5.0,1.11723,2,4,4,1049.291551,10.604
5.5,1.11169,2,4,4,1004.686558,10.604
6.0,1.10569,2,4,4,955.8737078,10.604
6.5,1.09956,2,4,4,905.4530903,10.604
7.0,1.09341,2,4,4,854.2998509,10.604
7.5,1.08730,2,4,4,802.9062816,10.604
8.0,1.08126,2,4,4,751.5306217,10.604
8.5,1.07533,2,4,4,700.5291399,10.604
9.0,1.06951,2,4,4,649.9237969,10.604
9.5,1.06379,2,4,4,599.6484269,10.604
10.0,1.05816,2,4,4,549.6333258,10.604
10.5,1.05263,2,4,4,499.98575,10.604
11.0,1.04718,2,4,4,450.5433641,10.604
11.5,1.04182,2,4,4,401.412912,10.604
12.0,1.03654,2,4,4,352.5189573,10.604
12.5,1.03133,2,4,4,303.7824944,10.604
13.0,1.02620,2,4,4,255.3108556,10.604
13.5,1.02114,2,4,4,207.0235227,10.604
14.0,1.01615,2,4,4,158.9332284,10.604
14.5,1.01122,2,4,4,110.955084,10.604
15.0,1.00637,2,4,4,63.29679939,10.604
17.5,0.98347,2,4,4,-168.0783349,10.604
20.0,0.96165,2,4,4,-398.7937399,10.604
22.5,0.94117,2,4,4,-625.0730474,10.604
25.0,0.92200,2,4,4,-845.9869848,10.604
27.5,0.90416,2,4,4,-1059.989382,10.604
30.0,0.88766,2,4,4,-1265.574657,10.604
32.5,0.87249,2,4,4,-1461.449415,10.604
35.0,0.85864,2,4,4,-1646.32442,10.604
37.5,0.84605,2,4,4,-1819.632409,10.604
40.0,0.83467,2,4,4,-1980.782824,10.604
42.5,0.82443,2,4,4,-2129.592567,10.604
45.0,0.81523,2,4,4,-2266.476945,10.604
47.5,0.80698,2,4,4,-2391.88084,10.604
50.0,0.79959,2,4,4,-2506.409535,10.604
52.5,0.79296,2,4,4,-2610.976594,10.604
55.0,0.78700,2,4,4,-2706.480305,10.604
57.5,0.78163,2,4,4,-2793.777107,10.604
60.0,0.77678,2,4,4,-2873.657921,10.604
0.0,1.05911,2,8,4,558.1101113,10.54
0.5,1.05466,2,8,4,518.2712912,10.54
1.0,1.05929,2,8,4,559.7145258,10.54
1.5,1.06465,2,8,4,607.2418166,10.54
2.0,1.07066,2,8,4,659.9667495,10.54
2.5,1.07791,2,8,4,722.7876168,10.54
3.0,1.08681,2,8,4,798.7596728,10.54
3.5,1.09777,2,8,4,890.623719,10.54
4.0,1.10886,2,8,4,981.7289829,10.54
4.5,1.11546,2,8,4,1035.088663,10.54
5.0,1.11497,2,8,4,1031.14882,10.54
5.5,1.11023,2,8,4,992.8573359,10.54
6.0,1.10458,2,8,4,946.7852034,10.54
6.5,1.09868,2,8,4,898.1687115,10.54
7.0,1.09262,2,8,4,847.6872106,10.54
7.5,1.08654,2,8,4,796.4732085,10.54
8.0,1.08052,2,8,4,745.1967571,10.54
8.5,1.07460,2,8,4,694.2117997,10.54
9.0,1.06879,2,8,4,643.6250339,10.54
9.5,1.06307,2,8,4,593.2817218,10.54
10.0,1.05745,2,8,4,543.2880987,10.54
10.5,1.05193,2,8,4,493.6640271,10.54
11.0,1.04649,2,8,4,444.2469589,10.54
11.5,1.04114,2,8,4,395.1437847,10.54
12.0,1.03586,2,8,4,346.185778,10.54
12.5,1.03066,2,8,4,297.4792851,10.54
13.0,1.02554,2,8,4,249.0395304,10.54
13.5,1.02048,2,8,4,200.6898714,10.54
14.0,1.01550,2,8,4,152.6341704,10.54
14.5,1.01058,2,8,4,104.6923549,10.54
15.0,1.00573,2,8,4,56.97354161,10.54
17.5,0.98285,2,8,4,-174.4925472,10.54
20.0,0.96105,2,8,4,-405.2858852,10.54
22.5,0.94055,2,8,4,-632.0769762,10.54
25.0,0.92138,2,8,4,-853.2852895,10.54
27.5,0.90353,2,8,4,-1067.701128,10.54
30.0,0.88701,2,8,4,-1273.830058,10.54
32.5,0.87182,2,8,4,-1470.257622,10.54
35.0,0.85794,2,8,4,-1655.826748,10.54
37.5,0.84533,2,8,4,-1829.699644,10.54
40.0,0.83392,2,8,4,-1991.557943,10.54
42.5,0.82365,2,8,4,-2141.079342,10.54
45.0,0.81442,2,8,4,-2278.67685,10.54
47.5,0.80615,2,8,4,-2404.639335,10.54
50.0,0.79874,2,8,4,-2519.718557,10.54
52.5,0.79210,2,8,4,-2624.668602,10.54
55.0,0.78612,2,8,4,-2720.704218,10.54
57.5,0.78074,2,8,4,-2808.361298,10.54
60.0,0.77587,2,8,4,-2888.757137,10.54
0.0,0.99360,2,12,4,-64.41223833,10.489
0.5,0.99507,2,12,4,-49.54425317,10.489
1.0,1.00632,2,12,4,62.80308451,10.489
1.5,1.01875,2,12,4,184.0490798,10.489
2.0,1.03246,2,12,4,314.3947465,10.489
2.5,1.04785,2,12,4,456.6493296,10.489
3.0,1.06519,2,12,4,612.0034923,10.489
3.5,1.08417,2,12,4,776.3542618,10.489
4.0,1.10103,2,12,4,917.5953425,10.489
4.5,1.11072,2,12,4,996.8308845,10.489
5.0,1.11211,2,12,4,1008.083733,10.489
5.5,1.10862,2,12,4,979.7766593,10.489
6.0,1.10348,2,12,4,937.7605394,10.489
6.5,1.09783,2,12,4,891.1215762,10.489
7.0,1.09191,2,12,4,841.7360405,10.489
7.5,1.08590,2,12,4,791.0488995,10.489
8.0,1.07992,2,12,4,740.0548189,10.489
8.5,1.07401,2,12,4,689.0997291,10.489
9.0,1.06821,2,12,4,638.5448554,10.489
9.5,1.06250,2,12,4,588.2352941,10.489
10.0,1.05689,2,12,4,538.2773988,10.489
10.5,1.05138,2,12,4,488.6910537,10.489
11.0,1.04595,2,12,4,439.3135427,10.489
11.5,1.04061,2,12,4,390.2518715,10.489
12.0,1.03534,2,12,4,341.3371453,10.489
12.5,1.03015,2,12,4,292.6758239,10.489
13.0,1.02503,2,12,4,244.187975,10.489
13.5,1.01998,2,12,4,195.8861938,10.489
14.0,1.01500,2,12,4,147.7832512,10.489
14.5,1.01009,2,12,4,99.89208882,10.489
15.0,1.00524,2,12,4,52.12685528,10.489
17.5,0.98238,2,12,4,-179.360329,10.489
20.0,0.96059,2,12,4,-410.268689,10.489
22.5,0.94009,2,12,4,-637.2794094,10.489
25.0,0.92092,2,12,4,-858.7065109,10.489
27.5,0.90306,2,12,4,-1073.461343,10.489
30.0,0.88653,2,12,4,-1279.934125,10.489
32.5,0.87131,2,12,4,-1476.971457,10.489
35.0,0.85741,2,12,4,-1663.031688,10.489
37.5,0.84477,2,12,4,-1837.541579,10.489
40.0,0.83334,2,12,4,-1999.904001,10.489
42.5,0.82304,2,12,4,-2150.07776,10.489
45.0,0.81379,2,12,4,-2288.182455,10.489
47.5,0.80549,2,12,4,-2414.803412,10.489
50.0,0.79806,2,12,4,-2530.386187,10.489
52.5,0.79139,2,12,4,-2635.994895,10.489
55.0,0.78540,2,12,4,-2732.365674,10.489
57.5,0.78000,2,12,4,-2820.512821,10.489
60.0,0.77513,2,12,4,-2901.061757,10.489
0.0,0.93942,2,16,4,-644.8659811,10.433
0.5,0.94487,2,16,4,-583.4665086,10.433
1.0,0.96053,2,16,4,-410.9189718,10.433
1.5,0.97782,2,16,4,-226.8311141,10.433
2.0,0.99699,2,16,4,-30.19087453,10.433
2.5,1.01837,2,16,4,180.3863036,10.433
3.0,1.04230,2,16,4,405.8332534,10.433
3.5,1.06841,2,16,4,640.2972642,10.433
4.0,1.09174,2,16,4,840.3099639,10.433
4.5,1.10596,2,16,4,958.0816666,10.433
5.0,1.10962,2,16,4,987.9057695,10.433
5.5,1.10704,2,16,4,966.9027316,10.433
6.0,1.10244,2,16,4,929.2115671,10.433
6.5,1.09699,2,16,4,884.1466194,10.433
7.0,1.09117,2,16,4,835.5251702,10.433
7.5,1.08521,2,16,4,785.1936492,10.433
8.0,1.07925,2,16,4,734.3062312,10.433
8.5,1.07336,2,16,4,683.4612805,10.433
9.0,1.06757,2,16,4,632.9327351,10.433
9.5,1.06187,2,16,4,582.6513603,10.433
10.0,1.05627,2,16,4,532.7236407,10.433
10.5,1.05076,2,16,4,483.0789143,10.433
11.0,1.04534,2,16,4,433.7344787,10.433
11.5,1.04001,2,16,4,384.7078393,10.433
12.0,1.03475,2,16,4,335.8299106,10.433
12.5,1.02957,2,16,4,287.2072807,10.433
13.0,1.02446,2,16,4,238.7599321,10.433
13.5,1.01942,2,16,4,190.5004807,10.433
14.0,1.01444,2,16,4,142.3445448,10.433
14.5,1.00954,2,16,4,94.49848446,10.433
15.0,1.00470,2,16,4,46.78013337,10.433
17.5,0.98186,2,16,4,-184.7513902,10.433
20.0,0.96008,2,16,4,-415.7986834,10.433
22.5,0.93958,2,16,4,-643.0532791,10.433
25.0,0.92042,2,16,4,-864.6052889,10.433
27.5,0.90253,2,16,4,-1079.964101,10.433
30.0,0.88599,2,16,4,-1286.809106,10.433
32.5,0.87075,2,16,4,-1484.35257,10.433
35.0,0.85682,2,16,4,-1671.062767,10.433
37.5,0.84416,2,16,4,-1846.095527,10.433
40.0,0.83270,2,16,4,-2009.126936,10.433
42.5,0.82237,2,16,4,-2159.976653,10.433
45.0,0.81309,2,16,4,-2298.761515,10.433
47.5,0.80477,2,16,4,-2425.910509,10.433
50.0,0.79732,2,16,4,-2542.015753,10.433
52.5,0.79063,2,16,4,-2648.141356,10.433
55.0,0.78463,2,16,4,-2744.860635,10.433
57.5,0.77921,2,16,4,-2833.510864,10.433
60.0,0.77432,2,16,4,-2914.557289,10.433
0.0,0.88743,2,20,4,-1268.494416,10.375
0.5,0.89699,2,20,4,-1148.396303,10.375
1.0,0.91708,2,20,4,-904.1741179,10.375
1.5,0.93929,2,20,4,-646.3392562,10.375
2.0,0.96393,2,20,4,-374.1972965,10.375
2.5,0.99157,2,20,4,-85.0166907,10.375
3.0,1.02253,2,20,4,220.3358337,10.375
3.5,1.05611,2,20,4,531.2893543,10.375
4.0,1.08549,2,20,4,787.5705902,10.375
4.5,1.10304,2,20,4,934.1456339,10.375
5.0,1.10793,2,20,4,974.1590173,10.375
5.5,1.10582,2,20,4,956.9369337,10.375
6.0,1.10147,2,20,4,921.2234559,10.375
6.5,1.09621,2,20,4,877.6603023,10.375
7.0,1.09045,2,20,4,829.4740703,10.375
7.5,1.08452,2,20,4,779.3309483,10.375
8.0,1.07857,2,20,4,728.464541,10.375
8.5,1.07269,2,20,4,677.6421893,10.375
9.0,1.06691,2,20,4,627.1381841,10.375
9.5,1.06122,2,20,4,576.8832099,10.375
10.0,1.05563,2,20,4,526.9838864,10.375
10.5,1.05012,2,20,4,477.2787872,10.375
11.0,1.04472,2,20,4,428.0572785,10.375
11.5,1.03939,2,20,4,378.9722818,10.375
12.0,1.03415,2,20,4,330.2228884,10.375
12.5,1.02897,2,20,4,281.5436796,10.375
13.0,1.02386,2,20,4,233.0396734,10.375
13.5,1.01883,2,20,4,184.8198424,10.375
14.0,1.01386,2,20,4,136.705265,10.375
14.5,1.00896,2,20,4,88.80431335,10.375
15.0,1.00413,2,20,4,41.13013255,10.375
17.5,0.98131,2,20,4,-190.4596916,10.375
20.0,0.95954,2,20,4,-421.6603789,10.375
22.5,0.93905,2,20,4,-649.0602204,10.375
25.0,0.91988,2,20,4,-870.9831717,10.375
27.5,0.90199,2,20,4,-1086.597412,10.375
30.0,0.88542,2,20,4,-1294.075128,10.375
32.5,0.87015,2,20,4,-1492.271447,10.375
35.0,0.85620,2,20,4,-1679.514132,10.375
37.5,0.84351,2,20,4,-1855.224004,10.375
40.0,0.83202,2,20,4,-2018.941852,10.375
42.5,0.82167,2,20,4,-2170.336023,10.375
45.0,0.81236,2,20,4,-2309.813383,10.375
47.5,0.80402,2,20,4,-2437.501555,10.375
50.0,0.79654,2,20,4,-2554.297336,10.375
52.5,0.78984,2,20,4,-2660.792059,10.375
55.0,0.78382,2,20,4,-2758.031181,10.375
57.5,0.77839,2,20,4,-2847.030409,10.375
60.0,0.77348,2,20,4,-2928.58251,10.375
0.0,0.83868,2,24,4,-1923.498831,10.318
0.5,0.85210,2,24,4,-1735.711771,10.318
1.0,0.87659,2,24,4,-1407.84175,10.318
1.5,0.90367,2,24,4,-1065.986477,10.318
2.0,0.93371,2,24,4,-709.963479,10.318
2.5,0.96740,2,24,4,-336.985735,10.318
3.0,1.00502,2,24,4,49.94925474,10.318
3.5,1.04542,2,24,4,434.4665302,10.318
4.0,1.07989,2,24,4,739.797572,10.318
4.5,1.10013,2,24,4,910.1651623,10.318
5.0,1.10611,2,24,4,959.3078446,10.318
5.5,1.10455,2,24,4,946.5393147,10.318
6.0,1.10051,2,24,4,913.3038319,10.318
6.5,1.09542,2,24,4,871.0814117,10.318
7.0,1.08972,2,24,4,823.3307639,10.318
7.5,1.08382,2,24,4,773.3756528,10.318
8.0,1.07789,2,24,4,722.6154802,10.318
8.5,1.07202,2,24,4,671.8158243,10.318
9.0,1.06625,2,24,4,621.3364596,10.318
9.5,1.06057,2,24,4,571.1079891,10.318
10.0,1.05499,2,24,4,521.2371681,10.318
10.5,1.04950,2,24,4,471.6531682,10.318
11.0,1.04410,2,24,4,422.3733359,10.318
11.5,1.03878,2,24,4,373.3225515,10.318
12.0,1.03355,2,24,4,324.6093561,10.318
12.5,1.02838,2,24,4,275.9680274,10.318
13.0,1.02328,2,24,4,227.5037135,10.318
13.5,1.01825,2,24,4,179.2290695,10.318
14.0,1.01329,2,24,4,131.1569245,10.318
14.5,1.00839,2,24,4,83.20193576,10.318
15.0,1.00356,2,24,4,35.47371358,10.318
17.5,0.98077,2,24,4,-196.0704345,10.318
20.0,0.95901,2,24,4,-427.4199435,10.318
22.5,0.93852,2,24,4,-655.0739462,10.318
25.0,0.91936,2,24,4,-877.1319179,10.318
27.5,0.90146,2,24,4,-1093.115612,10.318
30.0,0.88487,2,24,4,-1301.095076,10.318
32.5,0.86958,2,24,4,-1499.804503,10.318
35.0,0.85561,2,24,4,-1687.567934,10.318
37.5,0.84289,2,24,4,-1863.944287,10.318
40.0,0.83138,2,24,4,-2028.194087,10.318
42.5,0.82100,2,24,4,-2180.267966,10.318
45.0,0.81167,2,24,4,-2320.277945,10.318
47.5,0.80330,2,24,4,-2448.649322,10.318
50.0,0.79580,2,24,4,-2565.97135,10.318
52.5,0.78908,2,24,4,-2672.986262,10.318
55.0,0.78304,2,24,4,-2770.739681,10.318
57.5,0.77759,2,24,4,-2860.247688,10.318
60.0,0.77268,2,24,4,-2941.968215,10.318
0.0,1.24420,2.5,0,4,1962.70696,15.782
0.5,1.23048,2.5,0,4,1873.090176,15.782
1.0,1.22451,2.5,0,4,1833.468081,15.782
1.5,1.21894,2.5,0,4,1796.150754,15.782
2.0,1.21300,2.5,0,4,1755.976917,15.782
2.5,1.20675,2.5,0,4,1713.27947,15.782
3.0,1.20030,2.5,0,4,1668.749479,15.782
3.5,1.19372,2.5,0,4,1622.826123,15.782
4.0,1.18708,2.5,0,4,1575.967921,15.782
4.5,1.18044,2.5,0,4,1528.582562,15.782
5.0,1.17383,2.5,0,4,1480.878833,15.782
5.5,1.16726,2.5,0,4,1432.928396,15.782
6.0,1.16077,2.5,0,4,1385.028903,15.782
6.5,1.15437,2.5,0,4,1337.266214,15.782
7.0,1.14806,2.5,0,4,1289.653851,15.782
7.5,1.14185,2.5,0,4,1242.282261,15.782
8.0,1.13575,2.5,0,4,1195.245433,15.782
8.5,1.12975,2.5,0,4,1148.484178,15.782
9.0,1.12385,2.5,0,4,1102.015394,15.782
9.5,1.11804,2.5,0,4,1055.77618,15.782
10.0,1.11231,2.5,0,4,1009.700533,15.782
10.5,1.10668,2.5,0,4,963.9642896,15.782
11.0,1.10112,2.5,0,4,918.3376925,15.782
11.5,1.09564,2.5,0,4,872.914461,15.782
12.0,1.09023,2.5,0,4,827.623529,15.782
12.5,1.08490,2.5,0,4,782.5606047,15.782
13.0,1.07963,2.5,0,4,737.5675,15.782
13.5,1.07442,2.5,0,4,692.6527801,15.782
14.0,1.06928,2.5,0,4,647.9126141,15.782
14.5,1.06420,2.5,0,4,603.270062,15.782
15.0,1.05918,2.5,0,4,558.7341151,15.782
17.5,1.03516,2.5,0,4,339.6576375,15.782
20.0,1.01213,2.5,0,4,119.8462648,15.782
22.5,0.99014,2.5,0,4,-99.58187731,15.782
25.0,0.96914,2.5,0,4,-318.4266463,15.782
27.5,0.94913,2.5,0,4,-535.9645149,15.782
30.0,0.93015,2.5,0,4,-750.9541472,15.782
32.5,0.91223,2.5,0,4,-962.147704,15.782
35.0,0.89541,2.5,0,4,-1168.068259,15.782
37.5,0.87972,2.5,0,4,-1367.253217,15.782
40.0,0.86519,2.5,0,4,-1558.154856,15.782
42.5,0.85181,2.5,0,4,-1739.707212,15.782
45.0,0.83956,2.5,0,4,-1911.001001,15.782
47.5,0.82841,2.5,0,4,-2071.317343,15.782
50.0,0.81830,2.5,0,4,-2220.457045,15.782
52.5,0.80918,2.5,0,4,-2358.189772,15.782
55.0,0.80096,2.5,0,4,-2485.017978,15.782
57.5,0.79357,2.5,0,4,-2601.282811,15.782
60.0,0.78693,2.5,0,4,-2707.610588,15.782
0.0,1.18009,2.5,4,4,1526.070046,15.632
0.5,1.17023,2.5,4,4,1454.671304,15.632
1.0,1.16838,2.5,4,4,1441.140725,15.632
1.5,1.16724,2.5,4,4,1432.781604,15.632
2.0,1.16610,2.5,4,4,1424.40614,15.632
2.5,1.16512,2.5,4,4,1417.193079,15.632
3.0,1.16442,2.5,4,4,1412.033459,15.632
3.5,1.16409,2.5,4,4,1409.598914,15.632
4.0,1.16411,2.5,4,4,1409.746502,15.632
4.5,1.16421,2.5,4,4,1410.484363,15.632
5.0,1.16344,2.5,4,4,1404.79956,15.632
5.5,1.16106,2.5,4,4,1387.18068,15.632
6.0,1.15697,2.5,4,4,1356.733537,15.632
6.5,1.15169,2.5,4,4,1317.107902,15.632
7.0,1.14592,2.5,4,4,1273.387322,15.632
7.5,1.13998,2.5,4,4,1227.916279,15.632
8.0,1.13403,2.5,4,4,1181.891132,15.632
8.5,1.12810,2.5,4,4,1135.53763,15.632
9.0,1.12224,2.5,4,4,1089.250071,15.632
9.5,1.11644,2.5,4,4,1042.957974,15.632
10.0,1.11073,2.5,4,4,996.9119408,15.632
10.5,1.10511,2.5,4,4,951.1270371,15.632
11.0,1.09956,2.5,4,4,905.4530903,15.632
11.5,1.09410,2.5,4,4,860.0676355,15.632
12.0,1.08870,2.5,4,4,814.733168,15.632
12.5,1.08338,2.5,4,4,769.6283852,15.632
13.0,1.07812,2.5,4,4,724.5946648,15.632
13.5,1.07293,2.5,4,4,679.7274752,15.632
14.0,1.06780,2.5,4,4,634.9503652,15.632
14.5,1.06273,2.5,4,4,590.2722234,15.632
15.0,1.05771,2.5,4,4,545.6126916,15.632
17.5,1.03375,2.5,4,4,326.4812576,15.632
20.0,1.01076,2.5,4,4,106.4545491,15.632
22.5,0.98879,2.5,4,4,-113.3708877,15.632
25.0,0.96783,2.5,4,4,-332.3930856,15.632
27.5,0.94785,2.5,4,4,-550.192541,15.632
30.0,0.92890,2.5,4,4,-765.4214663,15.632
32.5,0.91101,2.5,4,4,-976.8279163,15.632
35.0,0.89421,2.5,4,4,-1183.055434,15.632
37.5,0.87856,2.5,4,4,-1382.261883,15.632
40.0,0.86405,2.5,4,4,-1573.404317,15.632
42.5,0.85069,2.5,4,4,-1755.163456,15.632
45.0,0.83847,2.5,4,4,-1926.485146,15.632
47.5,0.82734,2.5,4,4,-2086.929195,15.632
50.0,0.81726,2.5,4,4,-2236.008125,15.632
52.5,0.80816,2.5,4,4,-2373.787369,15.632
55.0,0.79995,2.5,4,4,-2500.781299,15.632
57.5,0.79258,2.5,4,4,-2617.022887,15.632
60.0,0.78596,2.5,4,4,-2723.293806,15.632
0.0,1.12415,2.5,8,4,1104.389984,15.469
0.5,1.11699,2.5,8,4,1047.368374,15.469
1.0,1.11812,2.5,8,4,1056.416127,15.469
1.5,1.12023,2.5,8,4,1073.261741,15.469
2.0,1.12271,2.5,8,4,1092.980378,15.469
2.5,1.12585,2.5,8,4,1117.82209,15.469
3.0,1.12988,2.5,8,4,1149.502602,15.469
3.5,1.13504,2.5,8,4,1189.737807,15.469
4.0,1.14137,2.5,8,4,1238.599227,15.469
4.5,1.14837,2.5,8,4,1292.00519,15.469
5.0,1.15385,2.5,8,4,1333.362222,15.469
5.5,1.15577,2.5,8,4,1347.759502,15.469
6.0,1.15372,2.5,8,4,1332.385674,15.469
6.5,1.14923,2.5,8,4,1298.521619,15.469
7.0,1.14384,2.5,8,4,1257.518534,15.469
7.5,1.13808,2.5,8,4,1213.271475,15.469
8.0,1.13221,2.5,8,4,1167.716236,15.469
8.5,1.12632,2.5,8,4,1121.528518,15.469
9.0,1.12047,2.5,8,4,1075.173811,15.469
9.5,1.11469,2.5,8,4,1028.895926,15.469
10.0,1.10900,2.5,8,4,982.8674482,15.469
10.5,1.10339,2.5,8,4,937.0213614,15.469
11.0,1.09786,2.5,8,4,891.3704844,15.469
11.5,1.09240,2.5,8,4,845.8440132,15.469
12.0,1.08702,2.5,8,4,800.5372486,15.469
12.5,1.08172,2.5,8,4,755.4635211,15.469
13.0,1.07647,2.5,8,4,710.3774374,15.469
13.5,1.07129,2.5,8,4,665.4593994,15.469
14.0,1.06618,2.5,8,4,620.7207038,15.469
14.5,1.06112,2.5,8,4,575.9951749,15.469
15.0,1.05611,2.5,8,4,531.2893543,15.469
17.5,1.03221,2.5,8,4,312.0489048,15.469
20.0,1.00926,2.5,8,4,91.75039138,15.469
22.5,0.98735,2.5,8,4,-128.1207272,15.469
25.0,0.96642,2.5,8,4,-347.4679746,15.469
27.5,0.94649,2.5,8,4,-565.3519847,15.469
30.0,0.92757,2.5,8,4,-780.8575094,15.469
32.5,0.90971,2.5,8,4,-992.5140979,15.469
35.0,0.89295,2.5,8,4,-1198.835321,15.469
37.5,0.87733,2.5,8,4,-1398.219598,15.469
40.0,0.86286,2.5,8,4,-1589.365598,15.469
42.5,0.84953,2.5,8,4,-1771.214672,15.469
45.0,0.83733,2.5,8,4,-1942.722702,15.469
47.5,0.82623,2.5,8,4,-2103.167399,15.469
50.0,0.81617,2.5,8,4,-2252.349388,15.469
52.5,0.80709,2.5,8,4,-2390.191924,15.469
55.0,0.79891,2.5,8,4,-2517.054487,15.469
57.5,0.79155,2.5,8,4,-2633.440718,15.469
60.0,0.78494,2.5,8,4,-2739.827248,15.469
0.0,1.06431,2.5,12,4,604.2412455,15.34
0.5,1.06158,2.5,12,4,580.0787505,15.34
1.0,1.06751,2.5,12,4,632.4062538,15.34
1.5,1.07460,2.5,12,4,694.2117997,15.34
2.0,1.08234,2.5,12,4,760.759096,15.34
2.5,1.09101,2.5,12,4,834.1811716,15.34
3.0,1.10078,2.5,12,4,915.5326223,15.34
3.5,1.11176,2.5,12,4,1005.252932,15.34
4.0,1.12370,2.5,12,4,1100.827623,15.34
4.5,1.13556,2.5,12,4,1193.772236,15.34
5.0,1.14475,2.5,12,4,1264.468225,15.34
5.5,1.14947,2.5,12,4,1300.338417,15.34
6.0,1.14958,2.5,12,4,1301.170862,15.34
6.5,1.14643,2.5,12,4,1277.269436,15.34
7.0,1.14175,2.5,12,4,1241.515218,15.34
7.5,1.13632,2.5,12,4,1199.662067,15.34
8.0,1.13066,2.5,12,4,1155.608229,15.34
8.5,1.12487,2.5,12,4,1110.083832,15.34
9.0,1.11907,2.5,12,4,1064.008507,15.34
9.5,1.11332,2.5,12,4,1017.856501,15.34
10.0,1.10764,2.5,12,4,971.7958904,15.34
10.5,1.10204,2.5,12,4,925.9192044,15.34
11.0,1.09652,2.5,12,4,880.2393025,15.34
11.5,1.09107,2.5,12,4,834.6852173,15.34
12.0,1.08570,2.5,12,4,789.3524915,15.34
12.5,1.08040,2.5,12,4,744.1688264,15.34
13.0,1.07516,2.5,12,4,699.0587447,15.34
13.5,1.06999,2.5,12,4,654.1182628,15.34
14.0,1.06489,2.5,12,4,609.3587131,15.34
14.5,1.05983,2.5,12,4,564.5244992,15.34
15.0,1.05484,2.5,12,4,519.8892723,15.34
17.5,1.03096,2.5,12,4,300.3026306,15.34
20.0,1.00804,2.5,12,4,79.75873973,15.34
22.5,0.98614,2.5,12,4,-140.5479952,15.34
25.0,0.96524,2.5,12,4,-360.1176909,15.34
27.5,0.94533,2.5,12,4,-578.3165667,15.34
30.0,0.92643,2.5,12,4,-794.1236791,15.34
32.5,0.90859,2.5,12,4,-1006.064341,15.34
35.0,0.89185,2.5,12,4,-1212.647867,15.34
37.5,0.87625,2.5,12,4,-1412.268188,15.34
40.0,0.86180,2.5,12,4,-1603.62033,15.34
42.5,0.84850,2.5,12,4,-1785.50383,15.34
45.0,0.83633,2.5,12,4,-1957.002619,15.34
47.5,0.82524,2.5,12,4,-2117.686976,15.34
50.0,0.81520,2.5,12,4,-2266.928361,15.34
52.5,0.80614,2.5,12,4,-2404.793212,15.34
55.0,0.79798,2.5,12,4,-2531.642397,15.34
57.5,0.79065,2.5,12,4,-2647.821413,15.34
60.0,0.78405,2.5,12,4,-2754.28863,15.34
0.0,1.01288,2.5,16,4,127.1621515,15.196
0.5,1.01331,2.5,16,4,131.3517088,15.196
1.0,1.02250,2.5,16,4,220.0488998,15.196
1.5,1.03328,2.5,16,4,322.0811397,15.196
2.0,1.04489,2.5,16,4,429.6146006,15.196
2.5,1.05779,2.5,16,4,546.327721,15.196
3.0,1.07212,2.5,16,4,672.6858934,15.196
3.5,1.08804,2.5,16,4,809.1614279,15.196
4.0,1.10521,2.5,16,4,951.9457841,15.196
4.5,1.12235,2.5,16,4,1090.123402,15.196
5.0,1.13600,2.5,16,4,1197.183099,15.196
5.5,1.14396,2.5,16,4,1258.43561,15.196
6.0,1.14605,2.5,16,4,1274.377209,15.196
6.5,1.14386,2.5,16,4,1257.671393,15.196
7.0,1.13966,2.5,16,4,1225.453205,15.196
7.5,1.13448,2.5,16,4,1185.388901,15.196
8.0,1.12899,2.5,16,4,1142.52562,15.196
8.5,1.12327,2.5,16,4,1097.420923,15.196
9.0,1.11751,2.5,16,4,1051.534214,15.196
9.5,1.11178,2.5,16,4,1005.41474,15.196
10.0,1.10612,2.5,16,4,959.389578,15.196
10.5,1.10053,2.5,16,4,913.468965,15.196
11.0,1.09502,2.5,16,4,867.7467078,15.196
11.5,1.08958,2.5,16,4,822.1516548,15.196
12.0,1.08423,2.5,16,4,776.8646874,15.196
12.5,1.07894,2.5,16,4,731.644021,15.196
13.0,1.07372,2.5,16,4,686.584957,15.196
13.5,1.06856,2.5,16,4,641.6111402,15.196
14.0,1.06347,2.5,16,4,596.8198445,15.196
14.5,1.05841,2.5,16,4,551.8655342,15.196
15.0,1.05343,2.5,16,4,507.2002886,15.196
17.5,1.02959,2.5,16,4,287.3959537,15.196
20.0,1.00672,2.5,16,4,66.75143039,15.196
22.5,0.98486,2.5,16,4,-153.7274333,15.196
25.0,0.96398,2.5,16,4,-373.6592045,15.196
27.5,0.94410,2.5,16,4,-592.0982947,15.196
30.0,0.92523,2.5,16,4,-808.1233855,15.196
32.5,0.90742,2.5,16,4,-1020.255229,15.196
35.0,0.89070,2.5,16,4,-1227.124733,15.196
37.5,0.87513,2.5,16,4,-1426.873722,15.196
40.0,0.86070,2.5,16,4,-1618.450099,15.196
42.5,0.84742,2.5,16,4,-1800.523943,15.196
45.0,0.83527,2.5,16,4,-1972.176661,15.196
47.5,0.82421,2.5,16,4,-2132.830225,15.196
50.0,0.81419,2.5,16,4,-2282.145445,15.196
52.5,0.80515,2.5,16,4,-2420.045954,15.196
55.0,0.79700,2.5,16,4,-2547.051443,15.196
57.5,0.78969,2.5,16,4,-2663.196951,15.196
60.0,0.78311,2.5,16,4,-2769.598141,15.196
0.0,0.96234,2.5,20,4,-391.3377808,15.049
0.5,0.96601,2.5,20,4,-351.8597116,15.049
1.0,0.97875,2.5,20,4,-217.1136654,15.049
1.5,0.99327,2.5,20,4,-67.75599787,15.049
2.0,1.00904,2.5,20,4,89.59010545,15.049
2.5,1.02645,2.5,20,4,257.6842515,15.049
3.0,1.04581,2.5,20,4,438.0336772,15.049
3.5,1.06719,2.5,20,4,629.5973538,15.049
4.0,1.09013,2.5,20,4,826.7821269,15.049
4.5,1.11260,2.5,20,4,1012.043861,15.049
5.0,1.13015,2.5,20,4,1151.617042,15.049
5.5,1.14039,2.5,20,4,1231.070073,15.049
6.0,1.14349,2.5,20,4,1254.842631,15.049
6.5,1.14179,2.5,20,4,1241.822051,15.049
7.0,1.13784,2.5,20,4,1211.418126,15.049
7.5,1.13279,2.5,20,4,1172.238455,15.049
8.0,1.12734,2.5,20,4,1129.561623,15.049
8.5,1.12166,2.5,20,4,1084.642405,15.049
9.0,1.11592,2.5,20,4,1038.784142,15.049
9.5,1.11020,2.5,20,4,992.6139434,15.049
10.0,1.10455,2.5,20,4,946.5393147,15.049
10.5,1.09897,2.5,20,4,900.5705342,15.049
11.0,1.09347,2.5,20,4,854.8016864,15.049
11.5,1.08805,2.5,20,4,809.2458986,15.049
12.0,1.08270,2.5,20,4,763.8311628,15.049
12.5,1.07742,2.5,20,4,718.568432,15.049
13.0,1.07222,2.5,20,4,673.5558001,15.049
13.5,1.06707,2.5,20,4,628.543582,15.049
14.0,1.06199,2.5,20,4,583.7154775,15.049
14.5,1.05695,2.5,20,4,538.8145135,15.049
15.0,1.05198,2.5,20,4,494.1158577,15.049
17.5,1.02819,2.5,20,4,274.1711162,15.049
20.0,1.00535,2.5,20,4,53.21529815,15.049
22.5,0.98352,2.5,20,4,-167.5614121,15.049
25.0,0.96269,2.5,20,4,-387.5598583,15.049
27.5,0.94283,2.5,20,4,-606.3659408,15.049
30.0,0.92399,2.5,20,4,-822.6279505,15.049
32.5,0.90621,2.5,20,4,-1034.969819,15.049
35.0,0.88952,2.5,20,4,-1242.018167,15.049
37.5,0.87397,2.5,20,4,-1442.040345,15.049
40.0,0.85957,2.5,20,4,-1633.723839,15.049
42.5,0.84632,2.5,20,4,-1815.861613,15.049
45.0,0.83419,2.5,20,4,-1987.676668,15.049
47.5,0.82315,2.5,20,4,-2148.454109,15.049
50.0,0.81316,2.5,20,4,-2297.702789,15.049
52.5,0.80413,2.5,20,4,-2435.800182,15.049
55.0,0.79601,2.5,20,4,-2562.656248,15.049
57.5,0.78871,2.5,20,4,-2678.93142,15.049
60.0,0.78214,2.5,20,4,-2785.434833,15.049
0.0,0.91480,2.5,24,4,-931.351115,14.904
0.5,0.92159,2.5,24,4,-850.8121833,14.904
1.0,0.93779,2.5,24,4,-663.3681315,14.904
1.5,0.95604,2.5,24,4,-459.8133969,14.904
2.0,0.97582,2.5,24,4,-247.7916009,14.904
2.5,0.99761,2.5,24,4,-23.95725785,14.904
3.0,1.02173,2.5,24,4,212.6784963,14.904
3.5,1.04822,2.5,24,4,460.0179352,14.904
4.0,1.07647,2.5,24,4,710.3774374,14.904
4.5,1.10362,2.5,24,4,938.9101321,14.904
5.0,1.12448,2.5,24,4,1107.000569,14.904
5.5,1.13675,2.5,24,4,1202.990983,14.904
6.0,1.14083,2.5,24,4,1234.452109,14.904
6.5,1.13968,2.5,24,4,1225.607188,14.904
7.0,1.13598,2.5,24,4,1197.028117,14.904
7.5,1.13109,2.5,24,4,1158.970551,14.904
8.0,1.12571,2.5,24,4,1116.717449,14.904
8.5,1.12007,2.5,24,4,1071.986572,14.904
9.0,1.11435,2.5,24,4,1026.158747,14.904
9.5,1.10866,2.5,24,4,980.1021052,14.904
10.0,1.10302,2.5,24,4,933.9812515,14.904
10.5,1.09745,2.5,24,4,887.9675612,14.904
11.0,1.09197,2.5,24,4,842.2392557,14.904
11.5,1.08656,2.5,24,4,796.6426152,14.904
12.0,1.08122,2.5,24,4,751.1884723,14.904
12.5,1.07596,2.5,24,4,705.9741998,14.904
13.0,1.07076,2.5,24,4,660.8390302,14.904
13.5,1.06563,2.5,24,4,615.8798082,14.904
14.0,1.06055,2.5,24,4,570.9301777,14.904
14.5,1.05552,2.5,24,4,525.9966652,14.904
15.0,1.05055,2.5,24,4,481.1765266,14.904
17.5,1.02681,2.5,24,4,261.0999114,14.904
20.0,1.00401,2.5,24,4,39.93984124,14.904
22.5,0.98221,2.5,24,4,-181.1221633,14.904
25.0,0.96142,2.5,24,4,-401.2814379,14.904
27.5,0.94159,2.5,24,4,-620.3336909,14.904
30.0,0.92278,2.5,24,4,-836.8191768,14.904
32.5,0.90502,2.5,24,4,-1049.47957,14.904
35.0,0.88836,2.5,24,4,-1256.697735,14.904
37.5,0.87284,2.5,24,4,-1456.85349,14.904
40.0,0.85847,2.5,24,4,-1648.630703,14.904
42.5,0.84524,2.5,24,4,-1830.959254,14.904
45.0,0.83314,2.5,24,4,-2002.784646,14.904
47.5,0.82212,2.5,24,4,-2163.674403,14.904
50.0,0.81215,2.5,24,4,-2312.996368,14.904
52.5,0.80314,2.5,24,4,-2451.129317,14.904
55.0,0.79504,2.5,24,4,-2577.983498,14.904
57.5,0.78776,2.5,24,4,-2694.22159,14.904
60.0,0.78120,2.5,24,4,-2800.819252,14.904
0.0,1.28631,3,0,4,2225.824257,20.575
0.5,1.27257,3,0,4,2141.886104,20.575
1.0,1.26592,3,0,4,2100.606673,20.575
1.5,1.26022,3,0,4,2064.877561,20.575
2.0,1.25435,3,0,4,2027.743453,20.575
2.5,1.24826,3,0,4,1988.848477,20.575
3.0,1.24200,3,0,4,1948.470209,20.575
3.5,1.23564,3,0,4,1907.027937,20.575
4.0,1.22923,3,0,4,1864.825948,20.575
4.5,1.22280,3,0,4,1822.047759,20.575
5.0,1.21639,3,0,4,1778.952474,20.575
5.5,1.21002,3,0,4,1735.673791,20.575
6.0,1.20371,3,0,4,1692.351148,20.575
6.5,1.19748,3,0,4,1649.129839,20.575
7.0,1.19132,3,0,4,1605.949703,20.575
7.5,1.18526,3,0,4,1563.032584,20.575
8.0,1.17930,3,0,4,1520.393454,20.575
8.5,1.17342,3,0,4,1477.9022,20.575
9.0,1.16762,3,0,4,1435.569792,20.575
9.5,1.16191,3,0,4,1393.481423,20.575
10.0,1.15628,3,0,4,1351.575743,20.575
10.5,1.15072,3,0,4,1309.788654,20.575
11.0,1.14524,3,0,4,1268.205791,20.575
11.5,1.13984,3,0,4,1226.838855,20.575
12.0,1.13450,3,0,4,1185.544293,20.575
12.5,1.12923,3,0,4,1144.408137,20.575
13.0,1.12402,3,0,4,1103.36115,20.575
13.5,1.11887,3,0,4,1062.411183,20.575
14.0,1.11379,3,0,4,1021.64681,20.575
14.5,1.10875,3,0,4,980.8342728,20.575
15.0,1.10377,3,0,4,940.141515,20.575
17.5,1.07978,3,0,4,738.854211,20.575
20.0,1.05669,3,0,4,536.486576,20.575
22.5,1.03444,3,0,4,332.9337613,20.575
25.0,1.01296,3,0,4,127.9418733,20.575
27.5,0.99221,3,0,4,-78.51160541,20.575
30.0,0.97220,3,0,4,-285.9493931,20.575
32.5,0.95293,3,0,4,-493.9502377,20.575
35.0,0.93446,3,0,4,-701.3676348,20.575
37.5,0.91682,3,0,4,-907.2664209,20.575
40.0,0.90009,3,0,4,-1110.000111,20.575
42.5,0.88429,3,0,4,-1308.50739,20.575
45.0,0.86949,3,0,4,-1500.994836,20.575
47.5,0.85569,3,0,4,-1686.475242,20.575
50.0,0.84291,3,0,4,-1863.662787,20.575
52.5,0.83116,3,0,4,-2031.377833,20.575
55.0,0.82040,3,0,4,-2189.176012,20.575
57.5,0.81059,3,0,4,-2336.693026,20.575
60.0,0.80171,3,0,4,-2473.33824,20.575
0.0,1.22698,3,4,4,1849.907904,20.348
0.5,1.21622,3,4,4,1777.803358,20.348
1.0,1.21285,3,4,4,1754.957332,20.348
1.5,1.21053,3,4,4,1739.155576,20.348
2.0,1.20827,3,4,4,1723.704139,20.348
2.5,1.20606,3,4,4,1708.538547,20.348
3.0,1.20401,3,4,4,1694.421143,20.348
3.5,1.20216,3,4,4,1681.639715,20.348
4.0,1.20060,3,4,4,1670.831251,20.348
4.5,1.19925,3,4,4,1661.455076,20.348
5.0,1.19808,3,4,4,1653.311966,20.348
5.5,1.19666,3,4,4,1643.407484,20.348
6.0,1.19446,3,4,4,1628.016007,20.348
6.5,1.19124,3,4,4,1605.385984,20.348
7.0,1.18697,3,4,4,1575.187241,20.348
7.5,1.18193,3,4,4,1539.262054,20.348
8.0,1.17651,3,4,4,1500.28474,20.348
8.5,1.17089,3,4,4,1459.488082,20.348
9.0,1.16526,3,4,4,1418.224259,20.348
9.5,1.15962,3,4,4,1376.4854,20.348
10.0,1.15403,3,4,4,1334.714002,20.348
10.5,1.14849,3,4,4,1292.915045,20.348
11.0,1.14303,3,4,4,1251.323237,20.348
11.5,1.13763,3,4,4,1209.795804,20.348
12.0,1.13231,3,4,4,1168.49626,20.348
12.5,1.12705,3,4,4,1127.27918,20.348
13.0,1.12185,3,4,4,1086.152338,20.348
13.5,1.11671,3,4,4,1045.123622,20.348
14.0,1.11163,3,4,4,1004.201038,20.348
14.5,1.10661,3,4,4,963.3927038,20.348
15.0,1.10164,3,4,4,922.6244508,20.348
17.5,1.07769,3,4,4,720.8937635,20.348
20.0,1.05464,3,4,4,518.0914815,20.348
22.5,1.03242,3,4,4,314.0194882,20.348
25.0,1.01097,3,4,4,108.5096491,20.348
27.5,0.99026,3,4,4,-98.35800699,20.348
30.0,0.97028,3,4,4,-306.3033351,20.348
32.5,0.95105,3,4,4,-514.6942853,20.348
35.0,0.93262,3,4,4,-722.4807531,20.348
37.5,0.91503,3,4,4,-928.6034338,20.348
40.0,0.89835,3,4,4,-1131.518896,20.348
42.5,0.88261,3,4,4,-1330.032517,20.348
45.0,0.86786,3,4,4,-1522.59581,20.348
47.5,0.85412,3,4,4,-1707.956727,20.348
50.0,0.84141,3,4,4,-1884.812398,20.348
52.5,0.82971,3,4,4,-2052.403852,20.348
55.0,0.81901,3,4,4,-2209.863127,20.348
57.5,0.80927,3,4,4,-2356.815402,20.348
60.0,0.80044,3,4,4,-2493.128779,20.348
0.0,1.17340,3,8,4,1477.756946,20.102
0.5,1.16485,3,8,4,1415.203674,20.102
1.0,1.16398,3,8,4,1408.787093,20.102
1.5,1.16428,3,8,4,1411.00079,20.102
2.0,1.16493,3,8,4,1415.793224,20.102
2.5,1.16593,3,8,4,1423.155764,20.102
3.0,1.16745,3,8,4,1434.322669,20.102
3.5,1.16966,3,8,4,1450.506985,20.102
4.0,1.17266,3,8,4,1472.379036,20.102
4.5,1.17645,3,8,4,1499.851247,20.102
5.0,1.18082,3,8,4,1531.308752,20.102
5.5,1.18473,3,8,4,1559.258228,20.102
6.0,1.18680,3,8,4,1573.980452,20.102
6.5,1.18633,3,8,4,1570.642233,20.102
7.0,1.18339,3,8,4,1549.700437,20.102
7.5,1.17893,3,8,4,1517.732181,20.102
8.0,1.17380,3,8,4,1480.661101,20.102
8.5,1.16832,3,8,4,1440.701178,20.102
9.0,1.16273,3,8,4,1399.551057,20.102
9.5,1.15713,3,8,4,1357.928668,20.102
10.0,1.15156,3,8,4,1316.127688,20.102
10.5,1.14604,3,8,4,1274.301072,20.102
11.0,1.14059,3,8,4,1232.607685,20.102
11.5,1.13520,3,8,4,1190.979563,20.102
12.0,1.12989,3,8,4,1149.580933,20.102
12.5,1.12464,3,8,4,1108.265756,20.102
13.0,1.11946,3,8,4,1067.121648,20.102
13.5,1.11434,3,8,4,1026.078217,20.102
14.0,1.10927,3,8,4,985.0622481,20.102
14.5,1.10426,3,8,4,944.161701,20.102
15.0,1.09930,3,8,4,903.3021013,20.102
17.5,1.07542,3,8,4,701.3073962,20.102
20.0,1.05242,3,8,4,498.0901161,20.102
22.5,1.03024,3,8,4,293.5238391,20.102
25.0,1.00885,3,8,4,87.72364574,20.102
27.5,0.98818,3,8,4,-119.6138355,20.102
30.0,0.96826,3,8,4,-327.8045153,20.102
32.5,0.94909,3,8,4,-536.4085598,20.102
35.0,0.93071,3,8,4,-744.4853929,20.102
37.5,0.91318,3,8,4,-950.7435555,20.102
40.0,0.89656,3,8,4,-1153.743196,20.102
42.5,0.88088,3,8,4,-1352.28408,20.102
45.0,0.86620,3,8,4,-1544.677903,20.102
47.5,0.85252,3,8,4,-1729.93009,20.102
50.0,0.83988,3,8,4,-1906.462828,20.102
52.5,0.82824,3,8,4,-2073.795035,20.102
55.0,0.81761,3,8,4,-2230.770172,20.102
57.5,0.80792,3,8,4,-2377.463115,20.102
60.0,0.79915,3,8,4,-2513.295376,20.102
0.0,1.11877,3,12,4,1061.612306,19.902
0.5,1.11362,3,12,4,1020.276216,19.902
1.0,1.11645,3,12,4,1043.038201,19.902
1.5,1.12048,3,12,4,1075.253463,19.902
2.0,1.12493,3,12,4,1110.55799,19.902
2.5,1.12995,3,12,4,1150.050887,19.902
3.0,1.13561,3,12,4,1194.159967,19.902
3.5,1.14202,3,12,4,1243.585927,19.902
4.0,1.14923,3,12,4,1298.521619,19.902
4.5,1.15705,3,12,4,1357.331144,19.902
5.0,1.16519,3,12,4,1417.7087,19.902
5.5,1.17243,3,12,4,1470.70614,19.902
6.0,1.17733,3,12,4,1506.204717,19.902
6.5,1.17934,3,12,4,1520.681059,19.902
7.0,1.17847,3,12,4,1514.421241,19.902
7.5,1.17541,3,12,4,1492.330336,19.902
8.0,1.17102,3,12,4,1460.436201,19.902
8.5,1.16597,3,12,4,1423.450003,19.902
9.0,1.16062,3,12,4,1383.915493,19.902
9.5,1.15514,3,12,4,1343.04067,19.902
10.0,1.14963,3,12,4,1301.549194,19.902
10.5,1.14415,3,12,4,1259.887253,19.902
11.0,1.13871,3,12,4,1218.132799,19.902
11.5,1.13334,3,12,4,1176.522491,19.902
12.0,1.12803,3,12,4,1134.987545,19.902
12.5,1.12279,3,12,4,1093.615013,19.902
13.0,1.11760,3,12,4,1052.254832,19.902
13.5,1.11249,3,12,4,1011.155156,19.902
14.0,1.10743,3,12,4,970.0838879,19.902
14.5,1.10243,3,12,4,929.1292871,19.902
15.0,1.09747,3,12,4,888.1336164,19.902
17.5,1.07360,3,12,4,685.5439642,19.902
20.0,1.05061,3,12,4,481.7201435,19.902
22.5,1.02845,3,12,4,276.6298799,19.902
25.0,1.00705,3,12,4,70.0064545,19.902
27.5,0.98641,3,12,4,-137.7723259,19.902
30.0,0.96650,3,12,4,-346.6114847,19.902
32.5,0.94733,3,12,4,-555.9836593,19.902
35.0,0.92899,3,12,4,-764.3785186,19.902
37.5,0.91148,3,12,4,-971.1677711,19.902
40.0,0.89490,3,12,4,-1174.432898,19.902
42.5,0.87927,3,12,4,-1373.070843,19.902
45.0,0.86464,3,12,4,-1565.507032,19.902
47.5,0.85102,3,12,4,-1750.605156,19.902
50.0,0.83843,3,12,4,-1927.054137,19.902
52.5,0.82686,3,12,4,-2093.945771,19.902
55.0,0.81628,3,12,4,-2250.69829,19.902
57.5,0.80666,3,12,4,-2396.796668,19.902
60.0,0.79793,3,12,4,-2532.427657,19.902
0.0,1.07019,3,16,4,655.8648464,19.684
0.5,1.06754,3,16,4,632.6695018,19.684
1.0,1.07305,3,16,4,680.7697684,19.684
1.5,1.07990,3,16,4,739.8833225,19.684
2.0,1.08738,3,16,4,803.5829241,19.684
2.5,1.09555,3,16,4,872.1646661,19.684
3.0,1.10458,3,16,4,946.7852034,19.684
3.5,1.11462,3,16,4,1028.332526,19.684
4.0,1.12568,3,16,4,1116.480705,19.684
4.5,1.13757,3,16,4,1209.332173,19.684
5.0,1.14984,3,16,4,1303.137828,19.684
5.5,1.16095,3,16,4,1386.364615,19.684
6.0,1.16910,3,16,4,1446.41177,19.684
6.5,1.17358,3,16,4,1479.06406,19.684
7.0,1.17434,3,16,4,1484.578572,19.684
7.5,1.17217,3,16,4,1468.81425,19.684
8.0,1.16833,3,16,4,1440.774439,19.684
8.5,1.16353,3,16,4,1405.464406,19.684
9.0,1.15837,3,16,4,1367.179744,19.684
9.5,1.15294,3,16,4,1326.521762,19.684
10.0,1.14747,3,16,4,1285.175212,19.684
10.5,1.14201,3,16,4,1243.509251,19.684
11.0,1.13659,3,16,4,1201.752611,19.684
11.5,1.13123,3,16,4,1160.064708,19.684
12.0,1.12593,3,16,4,1118.45319,19.684
12.5,1.12070,3,16,4,1077.005443,19.684
13.0,1.11553,3,16,4,1035.651215,19.684
13.5,1.11042,3,16,4,994.3985159,19.684
14.0,1.10537,3,16,4,953.255471,19.684
14.5,1.10037,3,16,4,912.1477321,19.684
15.0,1.09542,3,16,4,871.0814117,19.684
17.5,1.07160,3,16,4,668.1597611,19.684
20.0,1.04864,3,16,4,463.838877,19.684
22.5,1.02651,3,16,4,258.2536946,19.684
25.0,1.00514,3,16,4,51.13715502,19.684
27.5,0.98453,3,16,4,-157.1308137,19.684
30.0,0.96465,3,16,4,-366.4541544,19.684
32.5,0.94552,3,16,4,-576.1908791,19.684
35.0,0.92721,3,16,4,-785.0433019,19.684
37.5,0.90974,3,16,4,-992.1516038,19.684
40.0,0.89321,3,16,4,-1195.575509,19.684
42.5,0.87763,3,16,4,-1394.323348,19.684
45.0,0.86305,3,16,4,-1586.814205,19.684
47.5,0.84949,3,16,4,-1771.768944,19.684
50.0,0.83695,3,16,4,-1948.14505,19.684
52.5,0.82544,3,16,4,-2114.750921,19.684
55.0,0.81492,3,16,4,-2271.14318,19.684
57.5,0.80536,3,16,4,-2416.80739,19.684
60.0,0.79668,3,16,4,-2552.091178,19.684
0.0,1.02154,3,20,4,210.8581162,19.458
0.5,1.02158,3,20,4,211.2414104,19.458
1.0,1.02994,3,20,4,290.6965454,19.458
1.5,1.03980,3,20,4,382.7659165,19.458
2.0,1.05049,3,20,4,480.6328475,19.458
2.5,1.06222,3,20,4,585.7543635,19.458
3.0,1.07506,3,20,4,698.1935892,19.458
3.5,1.08932,3,20,4,819.9610766,19.458
4.0,1.10461,3,20,4,947.0310788,19.458
4.5,1.12113,3,20,4,1080.427783,19.458
5.0,1.13792,3,20,4,1212.035996,19.458
5.5,1.15280,3,20,4,1325.468425,19.458
6.0,1.16366,3,20,4,1406.424557,19.458
6.5,1.16977,3,20,4,1451.310941,19.458
7.0,1.17135,3,20,4,1462.84202,19.458
7.5,1.16957,3,20,4,1449.84909,19.458
8.0,1.16591,3,20,4,1423.008637,19.458
8.5,1.16120,3,20,4,1388.219084,19.458
9.0,1.15609,3,20,4,1350.1544,19.458
9.5,1.15071,3,20,4,1309.713134,19.458
10.0,1.14525,3,20,4,1268.282034,19.458
10.5,1.13980,3,20,4,1226.53097,19.458
11.0,1.13439,3,20,4,1184.689569,19.458
11.5,1.12904,3,20,4,1142.917877,19.458
12.0,1.12375,3,20,4,1101.223582,19.458
12.5,1.11852,3,20,4,1059.614491,19.458
13.0,1.11336,3,20,4,1018.179205,19.458
13.5,1.10826,3,20,4,976.8465883,19.458
14.0,1.10323,3,20,4,935.7069695,19.458
14.5,1.09824,3,20,4,894.5221445,19.458
15.0,1.09330,3,20,4,853.3796762,19.458
17.5,1.06952,3,20,4,650.01122,19.458
20.0,1.04660,3,20,4,445.2512899,19.458
22.5,1.02451,3,20,4,239.2363178,19.458
25.0,1.00316,3,20,4,31.50045855,19.458
27.5,0.98260,3,20,4,-177.0812131,19.458
30.0,0.96275,3,20,4,-386.9124903,19.458
32.5,0.94366,3,20,4,-597.0370684,19.458
35.0,0.92539,3,20,4,-806.2546602,19.458
37.5,0.90796,3,20,4,-1013.701044,19.458
40.0,0.89149,3,20,4,-1217.175739,19.458
42.5,0.87596,3,20,4,-1416.046395,19.458
45.0,0.86143,3,20,4,-1608.604298,19.458
47.5,0.84793,3,20,4,-1793.426344,19.458
50.0,0.83546,3,20,4,-1969.453954,19.458
52.5,0.82401,3,20,4,-2135.775051,19.458
55.0,0.81355,3,20,4,-2291.80751,19.458
57.5,0.80405,3,20,4,-2437.037498,19.458
60.0,0.79543,3,20,4,-2571.816502,19.458
0.0,0.97572,3,24,4,-248.8418809,19.238
0.5,0.97831,3,24,4,-221.7088653,19.238
1.0,0.98952,3,24,4,-105.9099361,19.238
1.5,1.00236,3,24,4,23.54443513,19.238
2.0,1.01613,3,24,4,158.7395314,19.238
2.5,1.03126,3,24,4,303.1243333,19.238
3.0,1.04773,3,24,4,455.5562979,19.238
3.5,1.06584,3,24,4,617.7287398,19.238
4.0,1.08519,3,24,4,785.0238207,19.238
4.5,1.10592,3,24,4,957.7546296,19.238
5.0,1.12673,3,24,4,1124.759259,19.238
5.5,1.14490,3,24,4,1265.612717,19.238
6.0,1.15814,3,24,4,1365.465315,19.238
6.5,1.16576,3,24,4,1421.905023,19.238
7.0,1.16821,3,24,4,1439.895224,19.238
7.5,1.16689,3,24,4,1430.211931,19.238
8.0,1.16348,3,24,4,1405.09506,19.238
8.5,1.15889,3,24,4,1371.053336,19.238
9.0,1.15386,3,24,4,1333.437332,19.238
9.5,1.14853,3,24,4,1293.218288,19.238
10.0,1.14309,3,24,4,1251.782449,19.238
10.5,1.13765,3,24,4,1209.950336,19.238
11.0,1.13226,3,24,4,1168.106265,19.238
11.5,1.12692,3,24,4,1126.255635,19.238
12.0,1.12163,3,24,4,1084.403948,19.238
12.5,1.11641,3,24,4,1042.717281,19.238
13.0,1.11126,3,24,4,1001.205838,19.238
13.5,1.10619,3,24,4,959.9616702,19.238
14.0,1.10115,3,24,4,918.5851156,19.238
14.5,1.09617,3,24,4,877.3274218,19.238
15.0,1.09126,3,24,4,836.2809963,19.238
17.5,1.06750,3,24,4,632.3185012,19.238
20.0,1.04461,3,24,4,427.0493294,19.238
22.5,1.02255,3,24,4,220.5271136,19.238
25.0,1.00123,3,24,4,12.28488959,19.238
27.5,0.98070,3,24,4,-196.7982054,19.238
30.0,0.96088,3,24,4,-407.1268004,19.238
32.5,0.94182,3,24,4,-617.7401202,19.238
35.0,0.92360,3,24,4,-827.1979212,19.238
37.5,0.90622,3,24,4,-1034.84805,19.238
40.0,0.88979,3,24,4,-1238.606862,19.238
42.5,0.87431,3,24,4,-1437.590786,19.238
45.0,0.85984,3,24,4,-1630.070711,19.238
47.5,0.84640,3,24,4,-1814.744802,19.238
50.0,0.83399,3,24,4,-1990.551445,19.238
52.5,0.82260,3,24,4,-2156.576708,19.238
55.0,0.81220,3,24,4,-2312.238365,19.238
57.5,0.80276,3,24,4,-2457.02327,19.238
60.0,0.79419,3,24,4,-2591.445372,19.238
0.0,1.31875,3.5,0,4,2417.061611,25.094
0.5,1.30533,3.5,0,4,2339.10199,25.094
1.0,1.29829,3.5,0,4,2297.560637,25.094
1.5,1.29260,3.5,0,4,2263.65465,25.094
2.0,1.28692,3.5,0,4,2229.509216,25.094
2.5,1.28108,3.5,0,4,2194.08624,25.094
3.0,1.27511,3.5,0,4,2157.53935,25.094
3.5,1.26905,3.5,0,4,2120.089831,25.094
4.0,1.26294,3.5,0,4,2081.967473,25.094
4.5,1.25680,3.5,0,4,2043.284532,25.094
5.0,1.25066,3.5,0,4,2004.221771,25.094
5.5,1.24456,3.5,0,4,1965.031818,25.094
6.0,1.23851,3.5,0,4,1925.781786,25.094
6.5,1.23252,3.5,0,4,1886.541395,25.094
7.0,1.22660,3.5,0,4,1847.38301,25.094
7.5,1.22076,3.5,0,4,1808.381664,25.094
8.0,1.21500,3.5,0,4,1769.547325,25.094
8.5,1.20932,3.5,0,4,1730.890087,25.094
9.0,1.20371,3.5,0,4,1692.351148,25.094
9.5,1.19817,3.5,0,4,1653.938924,25.094
10.0,1.19270,3.5,0,4,1615.661943,25.094
10.5,1.18730,3.5,0,4,1577.528847,25.094
11.0,1.18197,3.5,0,4,1539.548381,25.094
11.5,1.17671,3.5,0,4,1501.729398,25.094
12.0,1.17151,3.5,0,4,1464.00799,25.094
12.5,1.16638,3.5,0,4,1426.464788,25.094
13.0,1.16130,3.5,0,4,1388.960648,25.094
13.5,1.15628,3.5,0,4,1351.575743,25.094
14.0,1.15132,3.5,0,4,1314.317479,25.094
14.5,1.14641,3.5,0,4,1277.117262,25.094
15.0,1.14155,3.5,0,4,1239.980728,25.094
17.5,1.11801,3.5,0,4,1055.536176,25.094
20.0,1.09538,3.5,0,4,870.7480509,25.094
22.5,1.07352,3.5,0,4,684.8498398,25.094
25.0,1.05229,3.5,0,4,496.9162493,25.094
27.5,1.03162,3.5,0,4,306.5082104,25.094
30.0,1.01148,3.5,0,4,113.4970538,25.094
32.5,0.99187,3.5,0,4,-81.96638672,25.094
35.0,0.97281,3.5,0,4,-279.499594,25.094
37.5,0.95434,3.5,0,4,-478.4458369,25.094
40.0,0.93648,3.5,0,4,-678.2846404,25.094
42.5,0.91929,3.5,0,4,-877.9601649,25.094
45.0,0.90283,3.5,0,4,-1076.282357,25.094
47.5,0.88717,3.5,0,4,-1271.796837,25.094
50.0,0.87234,3.5,0,4,-1463.420226,25.094
52.5,0.85839,3.5,0,4,-1649.716329,25.094
55.0,0.84537,3.5,0,4,-1829.139903,25.094
57.5,0.83325,3.5,0,4,-2001.20012,25.094
60.0,0.82206,3.5,0,4,-2164.562197,25.094
0.0,1.26355,3.5,4,4,2085.790036,24.094
0.5,1.25252,3.5,4,4,2016.095551,24.794
1.0,1.24818,3.5,4,4,1988.335016,24.794
1.5,1.24519,3.5,4,4,1969.097086,24.794
2.0,1.24233,3.5,4,4,1950.608936,24.794
2.5,1.23950,3.5,4,4,1932.230738,24.794
3.0,1.23678,3.5,4,4,1914.487621,24.794
3.5,1.23416,3.5,4,4,1897.322875,24.794
4.0,1.23174,3.5,4,4,1881.403543,24.794
4.5,1.22946,3.5,4,4,1866.347828,24.794
5.0,1.22736,3.5,4,4,1852.431235,24.794
5.5,1.22544,3.5,4,4,1839.665753,24.794
6.0,1.22349,3.5,4,4,1826.659801,24.794
6.5,1.22118,3.5,4,4,1811.199004,24.794
7.0,1.21827,3.5,4,4,1791.638963,24.794
7.5,1.21468,3.5,4,4,1767.379063,24.794
8.0,1.21042,3.5,4,4,1738.404851,24.794
8.5,1.20560,3.5,4,4,1705.374917,24.794
9.0,1.20049,3.5,4,4,1670.068056,24.794
9.5,1.19521,3.5,4,4,1633.269467,24.794
10.0,1.18989,3.5,4,4,1595.861802,24.794
10.5,1.18457,3.5,4,4,1558.118136,24.794
11.0,1.17928,3.5,4,4,1520.249644,24.794
11.5,1.17404,3.5,4,4,1482.402644,24.794
12.0,1.16886,3.5,4,4,1444.655476,24.794
12.5,1.16373,3.5,4,4,1406.941473,24.794
13.0,1.15866,3.5,4,4,1369.340445,24.794
13.5,1.15365,3.5,4,4,1331.859749,24.794
14.0,1.14870,3.5,4,4,1294.506834,24.794
14.5,1.14379,3.5,4,4,1257.136362,24.794
15.0,1.13893,3.5,4,4,1219.829138,24.794
17.5,1.11543,3.5,4,4,1034.847548,24.794
20.0,1.09283,3.5,4,4,849.445934,24.794
22.5,1.07099,3.5,4,4,662.8446577,24.794
25.0,1.04977,3.5,4,4,474.1038513,24.794
27.5,1.02912,3.5,4,4,282.960199,24.794
30.0,1.00900,3.5,4,4,89.19722498,24.794
32.5,0.98942,3.5,4,4,-106.9313335,24.794
35.0,0.97040,3.5,4,4,-305.0288541,24.794
37.5,0.95196,3.5,4,4,-504.6430522,24.794
40.0,0.93414,3.5,4,4,-705.0335068,24.794
42.5,0.91701,3.5,4,4,-905.0064885,24.794
45.0,0.90061,3.5,4,4,-1103.585348,24.794
47.5,0.88502,3.5,4,4,-1299.17968,24.794
50.0,0.87027,3.5,4,4,-1490.686798,24.794
52.5,0.85640,3.5,4,4,-1676.786548,24.794
55.0,0.84346,3.5,4,4,-1855.926778,24.794
57.5,0.83143,3.5,4,4,-2027.470743,24.794
60.0,0.82032,3.5,4,4,-2190.364736,24.794
0.0,1.21215,3.5,8,4,1750.195933,24.471
0.5,1.20305,3.5,8,4,1687.793525,24.471
1.0,1.20078,3.5,8,4,1672.079815,24.471
1.5,1.20001,3.5,8,4,1666.736111,24.471
2.0,1.19956,3.5,8,4,1663.60999,24.471
2.5,1.19934,3.5,8,4,1662.080811,24.471
3.0,1.19952,3.5,8,4,1663.331999,24.471
3.5,1.20008,3.5,8,4,1667.222185,24.471
4.0,1.20121,3.5,8,4,1675.06098,24.471
4.5,1.20282,3.5,8,4,1686.204087,24.471
5.0,1.20505,3.5,8,4,1701.589146,24.471
5.5,1.20775,3.5,8,4,1720.140758,24.471
6.0,1.21037,3.5,8,4,1738.063567,24.471
6.5,1.21195,3.5,8,4,1748.834523,24.471
7.0,1.21196,3.5,8,4,1748.902604,24.471
7.5,1.21014,3.5,8,4,1736.493298,24.471
8.0,1.20676,3.5,8,4,1713.348139,24.471
8.5,1.20231,3.5,8,4,1682.677512,24.471
9.0,1.19739,3.5,8,4,1648.502159,24.471
9.5,1.19218,3.5,8,4,1612.004899,24.471
10.0,1.18689,3.5,8,4,1574.619383,24.471
10.5,1.18160,3.5,8,4,1536.89912,24.471
11.0,1.17632,3.5,8,4,1498.911861,24.471
11.5,1.17109,3.5,8,4,1460.946639,24.471
12.0,1.16591,3.5,8,4,1423.008637,24.471
12.5,1.16080,3.5,8,4,1385.251551,24.471
13.0,1.15574,3.5,8,4,1347.534913,24.471
13.5,1.15073,3.5,8,4,1309.864173,24.471
14.0,1.14579,3.5,8,4,1272.397211,24.471
14.5,1.14090,3.5,8,4,1234.98992,24.471
15.0,1.13605,3.5,8,4,1197.570529,24.471
17.5,1.11260,3.5,8,4,1012.043861,24.471
20.0,1.09005,3.5,8,4,826.1088941,24.471
22.5,1.06824,3.5,8,4,638.8077586,24.471
25.0,1.04707,3.5,8,4,449.5401454,24.471
27.5,1.02646,3.5,8,4,257.7791633,24.471
30.0,1.00638,3.5,8,4,63.39553648,24.471
32.5,0.98685,3.5,8,4,-133.2522673,24.471
35.0,0.96787,3.5,8,4,-331.9660698,24.471
37.5,0.94949,3.5,8,4,-531.9697943,24.471
40.0,0.93174,3.5,8,4,-732.607809,24.471
42.5,0.91467,3.5,8,4,-932.9047635,24.471
45.0,0.89835,3.5,8,4,-1131.518896,24.471
47.5,0.88284,3.5,8,4,-1327.080785,24.471
50.0,0.86818,3.5,8,4,-1518.34873,24.471
52.5,0.85440,3.5,8,4,-1704.11985,24.471
55.0,0.84154,3.5,8,4,-1882.976448,24.471
57.5,0.82962,3.5,8,4,-2053.711338,24.471
60.0,0.81860,3.5,8,4,-2215.9785,24.471
0.0,1.16213,3.5,12,4,1395.110702,24.205
0.5,1.15568,3.5,12,4,1347.085698,24.205
1.0,1.15642,3.5,12,4,1352.62275,24.205
1.5,1.15853,3.5,12,4,1368.371989,24.205
2.0,1.16107,3.5,12,4,1387.25486,24.205
2.5,1.16384,3.5,12,4,1407.753643,24.205
3.0,1.16709,3.5,12,4,1431.680505,24.205
3.5,1.17081,3.5,12,4,1458.904519,24.205
4.0,1.17511,3.5,12,4,1490.158368,24.205
4.5,1.17985,3.5,12,4,1524.346315,24.205
5.0,1.18506,3.5,12,4,1561.608695,24.205
5.5,1.19061,3.5,12,4,1600.944054,24.205
6.0,1.19592,3.5,12,4,1638.236671,24.205
6.5,1.20008,3.5,12,4,1667.222185,24.205
7.0,1.20249,3.5,12,4,1683.922527,24.205
7.5,1.20293,3.5,12,4,1686.964329,24.205
8.0,1.20139,3.5,12,4,1676.308276,24.205
8.5,1.19830,3.5,12,4,1654.844363,24.205
9.0,1.19415,3.5,12,4,1625.84265,24.205
9.5,1.18942,3.5,12,4,1592.540902,24.205
10.0,1.18438,3.5,12,4,1556.763876,24.205
10.5,1.17924,3.5,12,4,1519.962009,24.205
11.0,1.17405,3.5,12,4,1482.475193,24.205
11.5,1.16885,3.5,12,4,1444.582282,24.205
12.0,1.16369,3.5,12,4,1406.6461,24.205
12.5,1.15859,3.5,12,4,1368.818996,24.205
13.0,1.15353,3.5,12,4,1330.958016,24.205
13.5,1.14853,3.5,12,4,1293.218288,24.205
14.0,1.14359,3.5,12,4,1255.607342,24.205
14.5,1.13869,3.5,12,4,1217.978554,24.205
15.0,1.13385,3.5,12,4,1180.491247,24.205
17.5,1.11040,3.5,12,4,994.2363112,24.205
20.0,1.08784,3.5,12,4,807.471687,24.205
22.5,1.06602,3.5,12,4,619.3129585,24.205
25.0,1.04483,3.5,12,4,429.0650154,24.205
27.5,1.02422,3.5,12,4,236.4726328,24.205
30.0,1.00413,3.5,12,4,41.13013255,24.205
32.5,0.98459,3.5,12,4,-156.5118476,24.205
35.0,0.96562,3.5,12,4,-356.0406785,24.205
37.5,0.94725,3.5,12,4,-556.875165,24.205
40.0,0.92952,3.5,12,4,-758.2408125,24.205
42.5,0.91249,3.5,12,4,-959.0242085,24.205
45.0,0.89621,3.5,12,4,-1158.099106,24.205
47.5,0.88075,3.5,12,4,-1353.959693,24.205
50.0,0.86614,3.5,12,4,-1545.477636,24.205
52.5,0.85245,3.5,12,4,-1730.893308,24.205
55.0,0.83966,3.5,12,4,-1909.58245,24.205
57.5,0.82782,3.5,12,4,-2079.920756,24.205
60.0,0.81690,3.5,12,4,-2241.400416,24.205
0.0,1.11628,3.5,16,4,1041.674132,23.919
0.5,1.11186,3.5,16,4,1006.061914,23.919
1.0,1.11484,3.5,16,4,1030.102974,23.919
1.5,1.11926,3.5,16,4,1065.525436,23.919
2.0,1.12410,3.5,16,4,1103.994307,23.919
2.5,1.12943,3.5,16,4,1145.976289,23.919
3.0,1.13532,3.5,16,4,1191.910651,23.919
3.5,1.14182,3.5,16,4,1242.052162,23.919
4.0,1.14910,3.5,16,4,1297.537203,23.919
4.5,1.15690,3.5,16,4,1356.210563,23.919
5.0,1.16535,3.5,16,4,1418.88703,23.919
5.5,1.17422,3.5,16,4,1483.708334,23.919
6.0,1.18280,3.5,16,4,1545.485289,23.919
6.5,1.18993,3.5,16,4,1596.144311,23.919
7.0,1.19478,3.5,16,4,1630.25829,23.919
7.5,1.19712,3.5,16,4,1646.618551,23.919
8.0,1.19694,3.5,16,4,1645.362341,23.919
8.5,1.19468,3.5,16,4,1629.557706,23.919
9.0,1.19101,3.5,16,4,1603.764872,23.919
9.5,1.18659,3.5,16,4,1572.489234,23.919
10.0,1.18167,3.5,16,4,1537.400459,23.919
10.5,1.17661,3.5,16,4,1501.007131,23.919
11.0,1.17147,3.5,16,4,1463.716527,23.919
11.5,1.16630,3.5,16,4,1425.876704,23.919
12.0,1.16116,3.5,16,4,1387.922422,23.919
12.5,1.15606,3.5,16,4,1349.929934,23.919
13.0,1.15101,3.5,16,4,1311.978176,23.919
13.5,1.14602,3.5,16,4,1274.148793,23.919
14.0,1.14107,3.5,16,4,1236.295757,23.919
14.5,1.13619,3.5,16,4,1198.655155,23.919
15.0,1.13135,3.5,16,4,1161.002342,23.919
17.5,1.10793,3.5,16,4,974.1590173,23.919
20.0,1.08539,3.5,16,4,786.7218235,23.919
22.5,1.06359,3.5,16,4,597.8807623,23.919
25.0,1.04242,3.5,16,4,406.9377027,23.919
27.5,1.02181,3.5,16,4,213.4447696,23.919
30.0,1.00175,3.5,16,4,17.4694285,23.919
32.5,0.98224,3.5,16,4,-180.811207,23.919
35.0,0.96329,3.5,16,4,-381.0898068,23.919
37.5,0.94495,3.5,16,4,-582.5705064,23.919
40.0,0.92725,3.5,16,4,-784.5780534,23.919
42.5,0.91026,3.5,16,4,-985.8721684,23.919
45.0,0.89404,3.5,16,4,-1185.181871,23.919
47.5,0.87864,3.5,16,4,-1381.22553,23.919
50.0,0.86410,3.5,16,4,-1572.734637,23.919
52.5,0.85048,3.5,16,4,-1758.066033,23.919
55.0,0.83778,3.5,16,4,-1936.307861,23.919
57.5,0.82602,3.5,16,4,-2106.244401,23.919
60.0,0.81519,3.5,16,4,-2267.078841,23.919
0.0,1.06965,3.5,20,4,651.1475716,23.622
0.5,1.06747,3.5,20,4,632.0552334,23.622
1.0,1.07287,3.5,20,4,679.2062412,23.622
1.5,1.07973,3.5,20,4,738.4253471,23.622
2.0,1.08721,3.5,20,4,802.1449398,23.622
2.5,1.09534,3.5,20,4,870.4146658,23.622
3.0,1.10428,3.5,20,4,944.3257145,23.622
3.5,1.11404,3.5,20,4,1023.661628,23.622
4.0,1.12474,3.5,20,4,1109.056315,23.622
4.5,1.13613,3.5,20,4,1198.190348,23.622
5.0,1.14839,3.5,20,4,1292.156846,23.622
5.5,1.16106,3.5,20,4,1387.18068,23.622
6.0,1.17306,3.5,20,4,1475.286857,23.622
6.5,1.18286,3.5,20,4,1545.91414,23.622
7.0,1.18970,3.5,20,4,1594.519627,23.622
7.5,1.19325,3.5,20,4,1619.526503,23.622
8.0,1.19370,3.5,20,4,1622.685767,23.622
8.5,1.19172,3.5,20,4,1608.76716,23.622
9.0,1.18823,3.5,20,4,1584.120919,23.622
9.5,1.18383,3.5,20,4,1552.841202,23.622
10.0,1.17901,3.5,20,4,1518.307733,23.622
10.5,1.17395,3.5,20,4,1481.749649,23.622
11.0,1.16881,3.5,20,4,1444.289491,23.622
11.5,1.16366,3.5,20,4,1406.424557,23.622
12.0,1.15852,3.5,20,4,1368.297483,23.622
12.5,1.15343,3.5,20,4,1330.206428,23.622
13.0,1.14838,3.5,20,4,1292.081018,23.622
13.5,1.14340,3.5,20,4,1254.154277,23.622
14.0,1.13846,3.5,20,4,1216.204346,23.622
14.5,1.13358,3.5,20,4,1178.390586,23.622
15.0,1.12875,3.5,20,4,1140.642303,23.622
17.5,1.10537,3.5,20,4,953.255471,23.622
20.0,1.08285,3.5,20,4,765.1105878,23.622
22.5,1.06107,3.5,20,4,575.5510946,23.622
25.0,1.03991,3.5,20,4,383.783212,23.622
27.5,1.01933,3.5,20,4,189.6343677,23.622
30.0,0.99929,3.5,20,4,-7.105044582,23.622
32.5,0.97980,3.5,20,4,-206.1645234,23.622
35.0,0.96088,3.5,20,4,-407.1268004,23.622
37.5,0.94257,3.5,20,4,-609.2916176,23.622
40.0,0.92493,3.5,20,4,-811.6289881,23.622
42.5,0.90800,3.5,20,4,-1013.215859,23.622
45.0,0.89184,3.5,20,4,-1212.773592,23.622
47.5,0.87651,3.5,20,4,-1408.882956,23.622
50.0,0.86205,3.5,20,4,-1600.255206,23.622
52.5,0.84851,3.5,20,4,-1785.364934,23.622
55.0,0.83589,3.5,20,4,-1963.296606,23.622
57.5,0.82422,3.5,20,4,-2132.683022,23.622
60.0,0.81348,3.5,20,4,-2292.865221,23.622
0.0,1.02567,3.5,24,4,250.2754297,23.333
0.5,1.02567,3.5,24,4,250.2754297,23.333
1.0,1.03343,3.5,24,4,323.4858675,23.333
1.5,1.04271,3.5,24,4,409.6057389,23.333
2.0,1.05281,3.5,24,4,501.6099771,23.333
2.5,1.06360,3.5,24,4,597.9691613,23.333
3.0,1.07538,3.5,24,4,700.9615206,23.333
3.5,1.08817,3.5,24,4,810.2594264,23.333
4.0,1.10206,3.5,24,4,926.0838793,23.333
4.5,1.11677,3.5,24,4,1045.604735,23.333
5.0,1.13248,3.5,24,4,1169.821984,23.333
5.5,1.14853,3.5,24,4,1293.218288,23.333
6.0,1.16353,3.5,24,4,1405.464406,23.333
6.5,1.17572,3.5,24,4,1494.573538,23.333
7.0,1.18437,3.5,24,4,1556.692588,23.333
7.5,1.18908,3.5,24,4,1590.136913,23.333
8.0,1.19025,3.5,24,4,1598.403697,23.333
8.5,1.18865,3.5,24,4,1587.094603,23.333
9.0,1.18541,3.5,24,4,1564.100185,23.333
9.5,1.18111,3.5,24,4,1533.388084,23.333
10.0,1.17638,3.5,24,4,1499.34545,23.333
10.5,1.17135,3.5,24,4,1462.84202,23.333
11.0,1.16623,3.5,24,4,1425.362064,23.333
11.5,1.16109,3.5,24,4,1387.403216,23.333
12.0,1.15596,3.5,24,4,1349.181633,23.333
12.5,1.15087,3.5,24,4,1310.921303,23.333
13.0,1.14584,3.5,24,4,1272.778049,23.333
13.5,1.14085,3.5,24,4,1234.605776,23.333
14.0,1.13593,3.5,24,4,1196.640638,23.333
14.5,1.13105,3.5,24,4,1158.657884,23.333
15.0,1.12623,3.5,24,4,1120.819016,23.333
17.5,1.10287,3.5,24,4,932.7481934,23.333
20.0,1.08037,3.5,24,4,743.911808,23.333
22.5,1.05861,3.5,24,4,553.6505417,23.333
25.0,1.03746,3.5,24,4,361.0741619,23.333
27.5,1.01691,3.5,24,4,166.2880688,23.333
30.0,0.99688,3.5,24,4,-31.29764866,23.333
32.5,0.97741,3.5,24,4,-231.1210239,23.333
35.0,0.95853,3.5,24,4,-432.6416492,23.333
37.5,0.94025,3.5,24,4,-635.4692901,23.333
40.0,0.92265,3.5,24,4,-838.3460684,23.333
42.5,0.90576,3.5,24,4,-1040.452217,23.333
45.0,0.88966,3.5,24,4,-1240.249084,23.333
47.5,0.87439,3.5,24,4,-1436.544334,23.333
50.0,0.86002,3.5,24,4,-1627.636567,23.333
52.5,0.84655,3.5,24,4,-1812.65135,23.333
55.0,0.83403,3.5,24,4,-1989.97638,23.333
57.5,0.82244,3.5,24,4,-2158.941686,23.333
60.0,0.81180,3.5,24,4,-2318.305001,23.333
0.0,1.34468,4,0,4,2563.286432,29.419
0.5,1.33174,4,0,4,2491.026777,29.419
1.0,1.32446,4,0,4,2449.753107,29.419
1.5,1.31881,4,0,4,2417.406601,29.419
2.0,1.31334,4,0,4,2385.825453,29.419
2.5,1.30777,4,0,4,2353.395475,29.419
3.0,1.30210,4,0,4,2320.098303,29.419
3.5,1.29634,4,0,4,2285.974359,29.419
4.0,1.29053,4,0,4,2251.245612,29.419
4.5,1.28469,4,0,4,2216.020986,29.419
5.0,1.27886,4,0,4,2180.53579,29.419
5.5,1.27304,4,0,4,2144.787281,29.419
6.0,1.26727,4,0,4,2109.021755,29.419
6.5,1.26154,4,0,4,2073.180399,29.419
7.0,1.25588,4,0,4,2037.455808,29.419
7.5,1.25030,4,0,4,2001.919539,29.419
8.0,1.24477,4,0,4,1966.387365,29.419
8.5,1.23930,4,0,4,1930.92875,29.419
9.0,1.23390,4,0,4,1895.615528,29.419
9.5,1.22856,4,0,4,1860.389399,29.419
10.0,1.22328,4,0,4,1825.256687,29.419
10.5,1.21807,4,0,4,1790.291198,29.419
11.0,1.21292,4,0,4,1755.43317,29.419
11.5,1.20783,4,0,4,1720.68917,29.419
12.0,1.20280,4,0,4,1686.065846,29.419
12.5,1.19783,4,0,4,1651.569922,29.419
13.0,1.19291,4,0,4,1617.137923,29.419
13.5,1.18805,4,0,4,1582.84584,29.419
14.0,1.18323,4,0,4,1548.557761,29.419
14.5,1.17847,4,0,4,1514.421241,29.419
15.0,1.17376,4,0,4,1480.370774,29.419
17.5,1.15085,4,0,4,1310.7703,29.419
20.0,1.12885,4,0,4,1141.427116,29.419
22.5,1.10758,4,0,4,971.3068131,29.419
25.0,1.08689,4,0,4,799.4369255,29.419
27.5,1.06670,4,0,4,625.2929596,29.419
30.0,1.04694,4,0,4,448.3542514,29.419
32.5,1.02755,4,0,4,268.1134738,29.419
35.0,1.00852,4,0,4,84.48022845,29.419
37.5,0.98991,4,0,4,-101.9284581,29.419
40.0,0.97173,4,0,4,-290.9244337,29.419
42.5,0.95401,4,0,4,-482.0704185,29.419
45.0,0.93680,4,0,4,-674.6370623,29.419
47.5,0.92014,4,0,4,-867.9114048,29.419
50.0,0.90408,4,0,4,-1060.968056,29.419
52.5,0.88869,4,0,4,-1252.517751,29.419
55.0,0.87402,4,0,4,-1441.385781,29.419
57.5,0.86011,4,0,4,-1626.419877,29.419
60.0,0.84700,4,0,4,-1806.375443,29.419
0.0,1.29304,4,4,4,2266.287199,29.05
0.5,1.28205,4,4,4,2199.9922,29.05
1.0,1.27704,4,4,4,2169.391718,29.05
1.5,1.27363,4,4,4,2148.426152,29.05
2.0,1.27047,4,4,4,2128.89718,29.05
2.5,1.26736,4,4,4,2109.582123,29.05
3.0,1.26423,4,4,4,2090.046906,29.05
3.5,1.26121,4,4,4,2071.106319,29.05
4.0,1.25832,4,4,4,2052.895925,29.05
4.5,1.25552,4,4,4,2035.172677,29.05
5.0,1.25287,4,4,4,2018.325924,29.05
5.5,1.25036,4,4,4,2002.303337,29.05
6.0,1.24800,4,4,4,1987.179487,29.05
6.5,1.24568,4,4,4,1972.256117,29.05
7.0,1.24324,4,4,4,1956.500756,29.05
7.5,1.24044,4,4,4,1938.344458,29.05
8.0,1.23719,4,4,4,1917.167129,29.05
8.5,1.23345,4,4,4,1892.658803,29.05
9.0,1.22923,4,4,4,1864.825948,29.05
9.5,1.22463,4,4,4,1834.26831,29.05
10.0,1.21978,4,4,4,1801.800325,29.05
10.5,1.21483,4,4,4,1768.395578,29.05
11.0,1.20980,4,4,4,1734.170937,29.05
11.5,1.20479,4,4,4,1699.798305,29.05
12.0,1.19980,4,4,4,1665.277546,29.05
12.5,1.19485,4,4,4,1630.74863,29.05
13.0,1.18995,4,4,4,1596.285558,29.05
13.5,1.18509,4,4,4,1561.822309,29.05
14.0,1.18028,4,4,4,1527.434168,29.05
14.5,1.17552,4,4,4,1493.126446,29.05
15.0,1.17081,4,4,4,1458.904519,29.05
17.5,1.14792,4,4,4,1288.591539,29.05
20.0,1.12594,4,4,4,1118.532071,29.05
22.5,1.10467,4,4,4,947.5227896,29.05
25.0,1.08399,4,4,4,774.822646,29.05
27.5,1.06380,4,4,4,599.7367926,29.05
30.0,1.04404,4,4,4,421.8229187,29.05
32.5,1.02466,4,4,4,240.6651963,29.05
35.0,1.00564,4,4,4,56.083688,29.05
37.5,0.98705,4,4,4,-131.1990274,29.05
40.0,0.96890,4,4,4,-320.9825575,29.05
42.5,0.95121,4,4,4,-512.9256421,29.05
45.0,0.93404,4,4,4,-706.1796069,29.05
47.5,0.91743,4,4,4,-900.01417,29.05
50.0,0.90144,4,4,4,-1093.361732,29.05
52.5,0.88613,4,4,4,-1285.025899,29.05
55.0,0.87154,4,4,4,-1473.942676,29.05
57.5,0.85772,4,4,4,-1658.816397,29.05
60.0,0.84471,4,4,4,-1838.382403,29.05
0.0,1.24365,4,8,4,1959.152495,28.655
0.5,1.23429,4,8,4,1898.176279,28.655
1.0,1.23114,4,8,4,1877.446919,28.655
1.5,1.22962,4,8,4,1867.406191,28.655
2.0,1.22849,4,8,4,1859.9256,28.655
2.5,1.22757,4,8,4,1853.825036,28.655
3.0,1.22686,4,8,4,1849.110738,28.655
3.5,1.22647,4,8,4,1846.518871,28.655
4.0,1.22649,4,8,4,1846.651828,28.655
4.5,1.22681,4,8,4,1848.778539,28.655
5.0,1.22756,4,8,4,1853.758676,28.655
5.5,1.22878,4,8,4,1861.84671,28.655
6.0,1.23038,4,8,4,1872.429656,28.655
6.5,1.23201,4,8,4,1883.182766,28.655
7.0,1.23308,4,8,4,1890.2261,28.655
7.5,1.23310,4,8,4,1890.357635,28.655
8.0,1.23182,4,8,4,1881.930802,28.655
8.5,1.22923,4,8,4,1864.825948,28.655
9.0,1.22554,4,8,4,1840.331609,28.655
9.5,1.22117,4,8,4,1811.131947,28.655
10.0,1.21640,4,8,4,1779.020059,28.655
10.5,1.21148,4,8,4,1745.63344,28.655
11.0,1.20647,4,8,4,1711.356271,28.655
11.5,1.20147,4,8,4,1676.86251,28.655
12.0,1.19648,4,8,4,1642.150308,28.655
12.5,1.19153,4,8,4,1607.429104,28.655
13.0,1.18663,4,8,4,1572.773316,28.655
13.5,1.18178,4,8,4,1538.188157,28.655
14.0,1.17698,4,8,4,1503.678907,28.655
14.5,1.17223,4,8,4,1469.250915,28.655
15.0,1.16753,4,8,4,1434.909595,28.655
17.5,1.14467,4,8,4,1263.857706,28.655
20.0,1.12273,4,8,4,1093.139045,28.655
22.5,1.10148,4,8,4,921.3058794,28.655
25.0,1.08084,4,8,4,747.9367899,28.655
27.5,1.06067,4,8,4,571.9969453,28.655
30.0,1.04094,4,8,4,393.2983649,28.655
32.5,1.02159,4,8,4,211.3372292,28.655
35.0,1.00261,4,8,4,26.03205633,28.655
37.5,0.98406,4,8,4,-161.981993,28.655
40.0,0.96596,4,8,4,-352.3955443,28.655
42.5,0.94833,4,8,4,-544.8525302,28.655
45.0,0.93122,4,8,4,-738.6009751,28.655
47.5,0.91469,4,8,4,-932.6657119,28.655
50.0,0.89878,4,8,4,-1126.193284,28.655
52.5,0.88355,4,8,4,-1317.978609,28.655
55.0,0.86906,4,8,4,-1506.685384,28.655
57.5,0.85534,4,8,4,-1691.257278,28.655
60.0,0.84245,4,8,4,-1870.140661,28.655
0.0,1.19767,4,12,4,1650.454633,28.33
0.5,1.19048,4,12,4,1600.02688,28.33
1.0,1.18975,4,12,4,1594.872872,28.33
1.5,1.19056,4,12,4,1600.591318,28.33
2.0,1.19179,4,12,4,1609.260021,28.33
2.5,1.19325,4,12,4,1619.526503,28.33
3.0,1.19494,4,12,4,1631.378981,28.33
3.5,1.19695,4,12,4,1645.43214,28.33
4.0,1.19941,4,12,4,1662.567429,28.33
4.5,1.20215,4,12,4,1681.570519,28.33
5.0,1.20529,4,12,4,1703.241544,28.33
5.5,1.20877,4,12,4,1727.127576,28.33
6.0,1.21254,4,12,4,1752.849391,28.33
6.5,1.21631,4,12,4,1778.411754,28.33
7.0,1.21956,4,12,4,1800.321427,28.33
7.5,1.22173,4,12,4,1814.885449,28.33
8.0,1.22255,4,12,4,1820.375445,28.33
8.5,1.22199,4,12,4,1816.626977,28.33
9.0,1.21998,4,12,4,1803.144314,28.33
9.5,1.21685,4,12,4,1782.060237,28.33
10.0,1.21290,4,12,4,1755.297222,28.33
10.5,1.20843,4,12,4,1724.799947,28.33
11.0,1.20370,4,12,4,1692.28213,28.33
11.5,1.19887,4,12,4,1658.812048,28.33
12.0,1.19396,4,12,4,1624.510034,28.33
12.5,1.18906,4,12,4,1589.995459,28.33
13.0,1.18418,4,12,4,1555.337871,28.33
13.5,1.17934,4,12,4,1520.681059,28.33
14.0,1.17454,4,12,4,1486.028573,28.33
14.5,1.16979,4,12,4,1451.457099,28.33
15.0,1.16508,4,12,4,1416.89841,28.33
17.5,1.14222,4,12,4,1245.119154,28.33
20.0,1.12025,4,12,4,1073.421111,28.33
22.5,1.09899,4,12,4,900.7361304,28.33
25.0,1.07830,4,12,4,726.1430029,28.33
27.5,1.05810,4,12,4,549.0974388,28.33
30.0,1.03835,4,12,4,369.3359657,28.33
32.5,1.01897,4,12,4,186.1683857,28.33
35.0,0.99996,4,12,4,-0.400016001,28.33
37.5,0.98140,4,12,4,-189.5251681,28.33
40.0,0.96329,4,12,4,-381.0898068,28.33
42.5,0.94566,4,12,4,-574.6251295,28.33
45.0,0.92857,4,12,4,-769.2473373,28.33
47.5,0.91207,4,12,4,-964.0707402,28.33
50.0,0.89620,4,12,4,-1158.223611,28.33
52.5,0.88103,4,12,4,-1350.351293,28.33
55.0,0.86660,4,12,4,-1539.349181,28.33
57.5,0.85297,4,12,4,-1723.741749,28.33
60.0,0.84016,4,12,4,-1902.494763,28.33
0.0,1.15432,4,16,4,1336.890983,27.979
0.5,1.14882,4,16,4,1295.416166,27.979
1.0,1.14999,4,16,4,1304.272211,27.979
1.5,1.15269,4,16,4,1324.640623,27.979
2.0,1.15588,4,16,4,1348.582898,27.979
2.5,1.15937,4,16,4,1374.625874,27.979
3.0,1.16319,4,16,4,1402.952226,27.979
3.5,1.16747,4,16,4,1434.469408,27.979
4.0,1.17231,4,16,4,1469.833065,27.979
4.5,1.17745,4,16,4,1507.070364,27.979
5.0,1.18315,4,16,4,1547.986308,27.979
5.5,1.18924,4,16,4,1591.268373,27.979
6.0,1.19573,4,16,4,1636.907998,27.979
6.5,1.20223,4,16,4,1682.124053,27.979
7.0,1.20808,4,16,4,1722.40249,27.979
7.5,1.21252,4,16,4,1752.713357,27.979
8.0,1.21529,4,16,4,1771.511327,27.979
8.5,1.21624,4,16,4,1777.938565,27.979
9.0,1.21536,4,16,4,1771.985255,27.979
9.5,1.21299,4,16,4,1755.908952,27.979
10.0,1.20946,4,16,4,1731.847271,27.979
10.5,1.20529,4,16,4,1703.241544,27.979
11.0,1.20068,4,16,4,1671.386214,27.979
11.5,1.19595,4,16,4,1638.446423,27.979
12.0,1.19110,4,16,4,1604.399295,27.979
12.5,1.18621,4,16,4,1569.789498,27.979
13.0,1.18135,4,16,4,1535.108139,27.979
13.5,1.17651,4,16,4,1500.28474,27.979
14.0,1.17172,4,16,4,1465.537842,27.979
14.5,1.16697,4,16,4,1430.799421,27.979
15.0,1.16227,4,16,4,1396.147195,27.979
17.5,1.13941,4,16,4,1223.527966,27.979
20.0,1.11746,4,16,4,1051.133821,27.979
22.5,1.09620,4,16,4,877.5770845,27.979
25.0,1.07552,4,16,4,702.1719726,27.979
27.5,1.05532,4,16,4,524.2011902,27.979
30.0,1.03557,4,16,4,343.4823334,27.979
32.5,1.01618,4,16,4,159.2237596,27.979
35.0,0.99719,4,16,4,-28.17918351,27.979
37.5,0.97863,4,16,4,-218.3664919,27.979
40.0,0.96053,4,16,4,-410.9189718,27.979
42.5,0.94294,4,16,4,-605.1286402,27.979
45.0,0.92588,4,16,4,-800.5357066,27.979
47.5,0.90942,4,16,4,-996.019441,27.979
50.0,0.89361,4,16,4,-1190.564116,27.979
52.5,0.87850,4,16,4,-1383.039271,27.979
55.0,0.86415,4,16,4,-1572.065035,27.979
57.5,0.85061,4,16,4,-1756.26903,27.979
60.0,0.83789,4,16,4,-1934.740837,27.979
0.0,1.10965,4,20,4,988.1494165,27.615
0.5,1.10603,4,20,4,958.6539244,27.615
1.0,1.10931,4,20,4,985.3873128,27.615
1.5,1.11409,4,20,4,1024.064483,27.615
2.0,1.11946,4,20,4,1067.121648,27.615
2.5,1.12529,4,20,4,1113.401879,27.615
3.0,1.13156,4,20,4,1162.642723,27.615
3.5,1.13843,4,20,4,1215.972875,27.615
4.0,1.14607,4,20,4,1274.529479,27.615
4.5,1.15415,4,20,4,1335.614955,27.615
5.0,1.16286,4,20,4,1400.512529,27.615
5.5,1.17218,4,20,4,1468.887031,27.615
6.0,1.18187,4,20,4,1538.832528,27.615
6.5,1.19139,4,20,4,1606.442894,27.615
7.0,1.19979,4,20,4,1665.208078,27.615
7.5,1.20626,4,20,4,1709.913286,27.615
8.0,1.21048,4,20,4,1738.814355,27.615
8.5,1.21234,4,20,4,1751.488856,27.615
9.0,1.21196,4,20,4,1748.902604,27.615
9.5,1.20979,4,20,4,1734.102613,27.615
10.0,1.20640,4,20,4,1710.875332,27.615
10.5,1.20227,4,20,4,1682.400792,27.615
11.0,1.19771,4,20,4,1650.733483,27.615
11.5,1.19298,4,20,4,1617.629801,27.615
12.0,1.18814,4,20,4,1583.483428,27.615
12.5,1.18326,4,20,4,1548.772037,27.615
13.0,1.17838,4,20,4,1513.773146,27.615
13.5,1.17355,4,20,4,1478.846236,27.615
14.0,1.16877,4,20,4,1443.99668,27.615
14.5,1.16402,4,20,4,1409.082318,27.615
15.0,1.15932,4,20,4,1374.253873,27.615
17.5,1.13649,4,20,4,1200.978451,27.615
20.0,1.11455,4,20,4,1027.769055,27.615
22.5,1.09329,4,20,4,853.2960148,27.615
25.0,1.07262,4,20,4,677.0338051,27.615
27.5,1.05242,4,20,4,498.0901161,27.615
30.0,1.03267,4,20,4,316.3643758,27.615
32.5,1.01329,4,20,4,131.1569245,27.615
35.0,0.99431,4,20,4,-57.22561374,27.615
37.5,0.97578,4,20,4,-248.2116871,27.615
40.0,0.95770,4,20,4,-441.6831993,27.615
42.5,0.94014,4,20,4,-636.7136809,27.615
45.0,0.92313,4,20,4,-832.7104525,27.615
47.5,0.90673,4,20,4,-1028.641382,27.615
50.0,0.89099,4,20,4,-1223.470522,27.615
52.5,0.87596,4,20,4,-1416.046395,27.615
55.0,0.86170,4,20,4,-1604.966926,27.615
57.5,0.84825,4,20,4,-1788.977306,27.615
60.0,0.83563,4,20,4,-1967.018896,27.615
0.0,1.06752,4,24,4,632.4940048,27.261
0.5,1.06576,4,24,4,617.0244708,27.261
1.0,1.07107,4,24,4,663.5420654,27.261
1.5,1.07791,4,24,4,722.7876168,27.261
2.0,1.08538,4,24,4,786.6369382,27.261
2.5,1.09343,4,24,4,854.4671355,27.261
3.0,1.10206,4,24,4,926.0838793,27.261
3.5,1.11140,4,24,4,1002.339392,27.261
4.0,1.12160,4,24,4,1084.165478,27.261
4.5,1.13236,4,24,4,1168.88622,27.261
5.0,1.14382,4,24,4,1257.365669,27.261
5.5,1.15603,4,24,4,1349.705457,27.261
6.0,1.16858,4,24,4,1442.605555,27.261
6.5,1.18076,4,24,4,1530.878417,27.261
7.0,1.19141,4,24,4,1606.583796,27.261
7.5,1.19974,4,24,4,1664.86072,27.261
8.0,1.20530,4,24,4,1703.310379,27.261
8.5,1.20812,4,24,4,1722.676555,27.261
9.0,1.20832,4,24,4,1724.04661,27.261
9.5,1.20647,4,24,4,1711.356271,27.261
10.0,1.20331,4,24,4,1689.589549,27.261
10.5,1.19928,4,24,4,1661.663665,27.261
11.0,1.19478,4,24,4,1630.25829,27.261
11.5,1.19007,4,24,4,1597.132942,27.261
12.0,1.18526,4,24,4,1563.032584,27.261
12.5,1.18038,4,24,4,1528.151951,27.261
13.0,1.17552,4,24,4,1493.126446,27.261
13.5,1.17071,4,24,4,1458.174954,27.261
14.0,1.16592,4,24,4,1423.082201,27.261
14.5,1.16117,4,24,4,1387.99659,27.261
15.0,1.15647,4,24,4,1352.996619,27.261
17.5,1.13365,4,24,4,1178.935297,27.261
20.0,1.11172,4,24,4,1004.929299,27.261
22.5,1.09047,4,24,4,829.6422643,27.261
25.0,1.06979,4,24,4,652.3710261,27.261
27.5,1.04959,4,24,4,472.4702027,27.261
30.0,1.02985,4,24,4,289.8480361,27.261
32.5,1.01047,4,24,4,103.6151494,27.261
35.0,0.99149,4,24,4,-85.83041685,27.261
37.5,0.97298,4,24,4,-277.7035499,27.261
40.0,0.95492,4,24,4,-472.0814309,27.261
42.5,0.93739,4,24,4,-667.9183691,27.261
45.0,0.92043,4,24,4,-864.4872505,27.261
47.5,0.90407,4,24,4,-1061.090402,27.261
50.0,0.88839,4,24,4,-1256.317608,27.261
52.5,0.87344,4,24,4,-1448.98333,27.261
55.0,0.85927,4,24,4,-1637.785562,27.261
57.5,0.84591,4,24,4,-1821.588585,27.261
60.0,0.83339,4,24,4,-1999.184055,27.261